wave_id,pattern_type,start_time,end_time,duration_bars,line_start_value,line_end_value,line_delta,line_slope,price_start,price_end,price_change_pips,price_change_pct,atr_s_start,atr_s_end,atr_s_delta,atr_s_median,atr_s_ratio,atr_s_zone,atr_l_start,atr_l_end,atr_sl_ratio_start,atr_sl_ratio_end,atr_cross_bars_ago,atr_cross_dir,atr_cross_time,vel4_start,vel4_end,vel8_start,vel8_end,adx_start,adx_end,adx_delta,adx_di_plus,adx_di_minus,adx_dir,ma_start,ma_end,ma_dist_start_pips,ma_dist_end_pips,ma_slope_pips_bar,price_vs_ma_start,price_vs_ma_end,fib_nearest_idx,fib_nearest_distance,fib_within_3bars,vline_nearest_distance,vline_nearest_time,days_since_prev_vline,days_until_next_vline,mfe_pips,mae_pips,mfe_mae_ratio,q1_change_pips,q2_change_pips,q3_change_pips,q4_change_pips,hour_at_start,weekday_at_start,month_at_start,atr_s_at_bottom,atr_period_short,atr_period_long,adx_period,ma_period
1,PD,2026.05.15 23:00,2026.05.20 13:00,53,56.039,-6.299,-62.338,-1.1762,99.16,99.26,10.0,0.10,0.101,0.088,-0.013,0.092,1.105,NORMAL,0.103,0.083,0.983,1.069,3,DOWN,2026.05.15,-4.33,3.41,-1.62,7.07,50.59,32.77,-17.82,26.46,11.95,UP,98.934,99.193,22.6,6.7,2.473,ABOVE,ABOVE,-1,9999,FALSE,42,2026.05.14,1,-1,33.0,23.0,1.43,-25.0,12.0,15.0,8.0,23,Fri,5,FALSE,24,30,28,30
2,BU,2025.09.24 03:00,2025.09.25 20:00,38,2.273,56.429,54.156,1.4252,96.92,98.15,123.0,1.27,0.094,0.105,0.011,0.105,0.893,NORMAL,0.094,0.107,0.994,0.984,10,DOWN,2025.09.23,0.00,2.02,0.00,18.31,14.72,49.83,35.11,16.06,16.95,DOWN,96.937,97.545,-1.7,60.5,-0.767,BELOW,ABOVE,-1,9999,FALSE,-408,2025.10.21,47,27,127.0,10.0,12.70,29.0,28.0,-7.0,73.0,3,Wed,9,FALSE,24,30,28,30
3,BU,2026.06.11 15:00,2026.06.12 11:00,17,-2.013,57.597,59.610,3.5065,99.78,99.44,-34.0,-0.34,0.101,0.130,0.030,0.084,1.198,NORMAL,0.094,0.117,1.073,1.115,4,UP,2026.06.11,7.08,10.60,11.52,8.30,20.50,22.64,2.14,28.07,15.12,UP,99.676,99.664,10.4,-22.4,0.387,ABOVE,BELOW,-1,9999,FALSE,431,2026.05.14,28,-1,26.0,50.0,0.52,22.0,-57.0,5.0,-4.0,15,Thu,6,FALSE,24,30,28,30
4,PD,2026.06.18 22:00,2026.06.24 07:00,67,59.935,-2.403,-62.338,-0.9304,100.59,101.23,64.0,0.64,0.163,0.084,-0.079,0.096,1.700,HIGH,0.147,0.077,1.108,1.088,21,UP,2026.06.17,2.09,3.08,15.68,-3.37,32.57,27.58,-4.99,31.16,10.12,UP,100.059,100.972,53.1,25.8,4.173,ABOVE,ABOVE,-1,9999,FALSE,543,2026.05.14,35,-1,13.0,67.0,0.19,-6.0,17.0,12.0,41.0,22,Thu,6,FALSE,24,30,28,30
5,PD,2026.03.09 08:00,2026.03.13 12:00,88,59.156,-2.013,-61.169,-0.6951,99.39,99.87,48.0,0.48,0.200,0.130,-0.070,0.144,1.391,NORMAL,0.182,0.124,1.099,1.048,4,UP,2026.03.09,11.11,9.47,35.59,3.31,14.71,31.80,17.09,15.20,22.26,DOWN,99.143,99.401,24.7,46.9,0.827,ABOVE,ABOVE,-1,9999,FALSE,-542,2026.04.14,138,36,99.0,63.0,1.57,-92.0,17.0,41.0,82.0,8,Mon,3,FALSE,24,30,28,30
6,PD,2025.12.01 17:00,2025.12.04 12:00,58,54.091,1.883,-52.208,-0.9001,99.12,98.82,-30.0,-0.30,0.111,0.082,-0.028,0.098,1.137,NORMAL,0.102,0.075,1.087,1.100,20,UP,2025.11.28,12.71,9.39,22.02,11.24,21.52,31.56,10.05,17.06,25.62,DOWN,99.386,98.927,-26.6,-10.7,-1.547,BELOW,BELOW,-1,9999,FALSE,608,2025.10.21,41,134,38.0,37.0,1.03,25.0,-22.0,-29.0,-4.0,17,Mon,12,FALSE,24,30,28,30
7,PD,2025.06.13 15:00,2025.06.17 12:00,39,61.494,2.273,-59.221,-1.5185,97.94,97.73,-21.0,-0.21,0.184,0.111,-0.072,0.130,1.418,HIGH,0.182,0.115,1.011,0.967,12,UP,2025.06.13,-2.43,-4.30,3.28,-8.87,23.00,12.38,-10.62,19.71,21.45,DOWN,97.899,97.624,4.1,10.6,-1.580,ABOVE,ABOVE,-1,9999,FALSE,-689,2025.07.30,121,47,74.0,12.0,6.17,-13.0,-34.0,6.0,20.0,15,Fri,6,FALSE,24,30,28,30
8,BU,2025.05.06 15:00,2025.05.08 19:00,46,-4.351,41.234,45.584,0.9910,99.20,100.41,121.0,1.22,0.154,0.205,0.051,0.164,0.939,NORMAL,0.152,0.186,1.012,1.102,6,UP,2025.05.06,2.49,17.94,9.14,23.25,16.31,21.84,5.53,15.00,29.47,DOWN,99.529,99.602,-32.9,80.8,-0.693,BELOW,ABOVE,-1,9999,FALSE,1218,2025.02.12,83,85,129.0,25.0,5.16,12.0,-15.0,31.0,93.0,15,Tue,5,FALSE,24,30,28,30
9,BU,2026.02.27 21:00,2026.03.03 23:00,44,0.714,57.987,57.273,1.3017,97.54,99.00,146.0,1.50,0.102,0.179,0.077,0.097,1.060,NORMAL,0.107,0.185,0.955,0.968,1,DOWN,2026.02.27,-10.87,-4.02,2.50,1.18,7.39,34.78,27.39,15.16,19.49,DOWN,97.660,98.788,-12.0,21.2,-0.073,BELOW,ABOVE,-1,9999,FALSE,-656,2026.04.14,129,45,209.0,6.0,34.83,67.0,28.0,73.0,-22.0,21,Fri,2,TRUE,24,30,28,30
10,BU,2026.03.20 17:00,2026.03.24 03:00,28,1.883,61.883,60.000,2.1429,99.48,99.14,-34.0,-0.34,0.174,0.248,0.075,0.137,1.267,NORMAL,0.172,0.234,1.008,1.063,9,UP,2026.03.20,1.96,-0.50,6.38,7.19,13.80,13.84,0.04,28.20,21.64,UP,99.371,99.302,10.9,-16.2,-1.920,ABOVE,BELOW,-1,9999,FALSE,-344,2026.04.14,150,25,46.0,85.0,0.54,-8.0,21.0,-52.0,5.0,17,Fri,3,FALSE,24,30,28,30
11,BU,2026.03.06 11:00,2026.03.09 07:00,18,0.325,61.494,61.169,3.3983,99.24,99.22,-2.0,-0.02,0.155,0.195,0.040,0.132,1.170,NORMAL,0.151,0.180,1.029,1.084,9,UP,2026.03.05,-0.80,10.61,-3.38,31.37,21.44,14.40,-7.04,24.43,12.79,UP,99.005,99.139,23.5,8.1,0.893,ABOVE,ABOVE,-1,9999,FALSE,-561,2026.04.14,135,39,43.0,56.0,0.77,7.0,-32.0,-31.0,54.0,11,Fri,3,TRUE,24,30,28,30
12,PD,2026.04.20 04:00,2026.04.21 15:00,32,52.143,-2.013,-54.156,-1.6924,98.11,98.05,-6.0,-0.06,0.106,0.081,-0.025,0.105,1.012,NORMAL,0.103,0.084,1.035,0.958,1,UP,2026.04.20,10.39,-5.83,16.44,-3.48,18.16,14.23,-3.93,31.25,17.62,UP,97.926,97.962,18.4,8.8,0.127,ABOVE,ABOVE,-1,9999,FALSE,-42,2026.04.22,5,2,32.0,8.0,4.00,-9.0,-17.0,7.0,13.0,4,Mon,4,FALSE,24,30,28,30
13,BU,2025.04.02 09:00,2025.04.03 19:00,31,-5.130,57.987,63.117,2.0360,103.90,101.70,-220.0,-2.12,0.109,0.325,0.216,0.122,0.894,NORMAL,0.105,0.285,1.043,1.142,3,UP,2025.04.02,-4.38,15.19,-1.87,45.71,9.74,46.88,37.15,24.15,19.16,UP,103.847,102.692,5.3,-99.2,0.000,ABOVE,BELOW,-1,9999,FALSE,729,2025.02.12,48,119,8.0,295.0,0.03,-26.0,-34.0,-122.0,-38.0,9,Wed,4,TRUE,24,30,28,30
14,BU,2025.04.08 23:00,2025.04.11 21:00,61,4.610,61.104,56.494,0.9261,102.69,99.84,-285.0,-2.78,0.226,0.420,0.193,0.129,1.757,HIGH,0.240,0.409,0.944,1.027,10,DOWN,2025.04.08,-4.06,-5.80,-3.89,5.67,15.79,34.13,18.34,18.60,26.68,DOWN,102.873,100.189,-18.3,-34.9,0.653,BELOW,BELOW,-1,9999,FALSE,827,2025.02.12,55,112,34.0,391.0,0.09,-66.0,-6.0,-200.0,-13.0,23,Tue,4,TRUE,24,30,28,30
15,PD,2026.05.01 04:00,2026.05.05 22:00,60,55.260,0.325,-54.935,-0.9156,97.97,98.32,35.0,0.36,0.140,0.084,-0.056,0.094,1.482,HIGH,0.139,0.094,1.002,0.888,0,UP,2026.05.01,-5.10,-13.36,-9.95,-18.29,26.48,18.68,-7.80,15.33,21.40,DOWN,98.448,98.294,-47.8,2.6,-2.140,BELOW,ABOVE,-1,9999,FALSE,-88,2026.05.07,9,6,43.0,45.0,0.96,-6.0,28.0,22.0,-9.0,4,Fri,5,FALSE,24,30,28,30
16,BU,2026.05.05 22:00,2026.05.06 19:00,18,1.494,53.312,51.818,2.8788,98.32,97.90,-42.0,-0.43,0.084,0.130,0.046,0.098,0.852,NORMAL,0.094,0.123,0.888,1.056,6,DOWN,2026.05.05,-13.36,0.97,-18.29,13.50,18.68,14.72,-3.96,20.89,15.52,UP,98.294,98.047,2.6,-14.7,0.607,ABOVE,BELOW,-1,9999,FALSE,-28,2026.05.07,13,1,3.0,87.0,0.03,-18.0,-22.0,-41.0,39.0,22,Tue,5,TRUE,24,30,28,30
17,PD,2026.05.06 20:00,2026.05.12 08:00,72,52.532,5.000,-47.532,-0.6602,97.88,97.95,7.0,0.07,0.128,0.074,-0.054,0.098,1.305,NORMAL,0.123,0.076,1.043,0.972,13,UP,2026.05.06,-0.32,-4.30,10.39,1.71,13.74,16.52,2.78,19.26,19.05,UP,98.033,97.857,-15.3,9.3,-1.713,BELOW,ABOVE,-1,9999,FALSE,-9,2026.05.07,14,0,23.0,26.0,0.88,-21.0,14.0,4.0,10.0,20,Wed,5,FALSE,24,30,28,30
18,PD,2026.05.28 18:00,2026.06.05 07:00,115,40.455,1.104,-39.351,-0.3422,98.96,99.35,39.0,0.39,0.106,0.062,-0.044,0.095,1.114,NORMAL,0.103,0.060,1.028,1.042,21,UP,2026.05.27,9.44,-4.46,14.86,-9.64,12.43,20.32,7.89,16.87,26.62,DOWN,99.160,99.358,-20.0,-0.8,0.293,BELOW,BELOW,-1,9999,FALSE,224,2026.05.14,14,-1,29.0,55.0,0.53,3.0,7.0,35.0,-6.0,18,Thu,5,FALSE,24,30,28,30
19,BU,2026.05.20 11:00,2026.05.22 03:00,34,-15.649,48.247,63.896,1.8793,99.34,99.16,-18.0,-0.18,0.087,0.116,0.030,0.091,0.950,NORMAL,0.083,0.128,1.040,0.911,1,UP,2026.05.20,6.12,-4.45,-1.42,-5.74,32.87,22.35,-10.52,25.58,11.35,UP,99.170,99.139,17.0,2.1,1.173,ABOVE,ABOVE,-1,9999,FALSE,93,2026.05.14,6,-1,10.0,49.0,0.20,-33.0,10.0,14.0,-9.0,11,Wed,5,TRUE,24,30,28,30
20,PD,2025.10.30 21:00,2025.11.05 13:00,75,57.987,6.169,-51.818,-0.6909,99.34,100.00,66.0,0.66,0.146,0.081,-0.065,0.092,1.577,HIGH,0.141,0.084,1.034,0.971,19,UP,2025.10.30,-5.91,-4.41,2.94,-12.16,32.91,19.87,-13.04,27.18,9.93,UP,98.940,99.906,40.0,9.4,2.247,ABOVE,ABOVE,-1,9999,FALSE,157,2025.10.21,9,165,13.0,75.0,0.17,24.0,16.0,17.0,9.0,21,Thu,10,FALSE,24,30,28,30
21,BU,2026.04.07 09:00,2026.04.08 15:00,27,-0.065,58.377,58.442,2.1645,99.80,98.34,-146.0,-1.46,0.102,0.182,0.080,0.125,0.814,NORMAL,0.099,0.170,1.028,1.071,1,UP,2026.04.07,-3.92,1.86,-10.26,18.06,11.38,38.55,27.17,20.85,20.84,UP,99.837,99.223,-3.7,-88.3,0.140,BELOW,BELOW,-1,9999,FALSE,-115,2026.04.14,167,7,9.0,149.0,0.06,-6.0,-8.0,-94.0,-38.0,9,Tue,4,TRUE,24,30,28,30
22,BU,2026.06.05 09:00,2026.06.08 03:00,15,1.494,59.935,58.442,3.8961,99.30,99.97,67.0,0.67,0.063,0.099,0.036,0.077,0.821,NORMAL,0.061,0.091,1.037,1.085,4,UP,2026.06.05,-5.03,4.41,-5.03,19.70,17.66,20.95,3.29,18.91,19.05,DOWN,99.348,99.491,-4.8,47.9,-0.293,BELOW,ABOVE,-1,9999,FALSE,341,2026.05.14,22,-1,77.0,19.0,4.05,-14.0,42.0,37.0,2.0,9,Fri,6,TRUE,24,30,28,30
23,PD,2025.12.11 05:00,2025.12.15 20:00,52,60.714,2.273,-58.442,-1.1239,98.63,97.99,-64.0,-0.65,0.092,0.085,-0.008,0.081,1.138,NORMAL,0.090,0.088,1.028,0.970,0,UP,2025.12.11,5.21,-5.12,12.69,1.49,33.77,21.27,-12.50,13.09,28.34,DOWN,99.004,97.971,-37.4,1.9,-1.627,BELOW,ABOVE,-1,9999,FALSE,764,2025.10.21,50,124,87.0,10.0,8.70,-42.0,-13.0,-12.0,3.0,5,Thu,12,FALSE,24,30,28,30
24,BU,2026.02.06 15:00,2026.02.11 16:00,64,-0.065,52.922,52.987,0.8279,97.55,96.83,-72.0,-0.74,0.095,0.134,0.039,0.148,0.638,LOW,0.095,0.124,0.992,1.079,0,DOWN,2026.02.06,-8.10,28.92,-5.02,30.49,11.43,19.38,7.96,17.70,22.18,DOWN,97.666,96.621,-11.6,20.9,0.247,BELOW,ABOVE,-1,9999,FALSE,-977,2026.04.14,108,67,12.0,121.0,0.10,-35.0,-51.0,-4.0,18.0,15,Fri,2,TRUE,24,30,28,30
25,BU,2026.03.18 08:00,2026.03.24 03:00,79,1.494,62.273,60.779,0.7694,99.26,99.14,-12.0,-0.12,0.108,0.248,0.140,0.149,0.725,NORMAL,0.105,0.234,1.031,1.063,0,UP,2026.03.18,-3.36,-0.50,-13.38,7.19,27.40,13.84,-13.56,8.70,27.84,DOWN,99.450,99.302,-19.0,-16.2,-1.040,BELOW,BELOW,-1,9999,FALSE,-395,2026.04.14,147,27,84.0,63.0,1.33,69.0,-79.0,31.0,-33.0,8,Wed,3,TRUE,24,30,28,30
26,BU,2026.01.19 18:00,2026.01.21 03:00,27,0.325,58.377,58.052,2.1501,98.83,98.27,-56.0,-0.57,0.093,0.117,0.024,0.084,1.109,NORMAL,0.089,0.106,1.053,1.105,14,UP,2026.01.19,0.90,7.63,4.19,11.90,21.29,35.39,14.09,10.80,22.66,DOWN,99.005,98.526,-17.5,-25.6,-0.733,BELOW,BELOW,-1,9999,FALSE,-1268,2026.04.14,90,85,4.0,83.0,0.05,-1.0,-30.0,-29.0,4.0,18,Mon,1,FALSE,24,30,28,30
27,PD,2026.01.05 17:00,2026.01.08 12:00,58,62.273,-0.065,-62.338,-1.0748,98.16,98.46,30.0,0.31,0.112,0.065,-0.046,0.085,1.314,NORMAL,0.106,0.066,1.053,0.986,9,UP,2026.01.05,12.13,-3.09,16.52,-5.99,23.17,25.15,1.98,24.37,25.64,DOWN,98.240,98.361,-8.0,9.9,1.380,BELOW,ABOVE,-1,9999,FALSE,1080,2025.10.21,76,99,30.0,40.0,0.75,-20.0,31.0,5.0,14.0,17,Mon,1,FALSE,24,30,28,30
28,BU,2026.02.17 07:00,2026.02.23 04:00,81,-2.013,52.532,54.545,0.6734,96.99,97.31,32.0,0.33,0.054,0.133,0.079,0.104,0.522,LOW,0.058,0.129,0.929,1.031,10,DOWN,2026.02.16,-10.96,10.73,-28.18,8.84,16.23,20.25,4.02,22.92,15.88,UP,96.891,97.758,9.9,-44.8,0.553,ABOVE,BELOW,-1,9999,FALSE,-838,2026.04.14,118,56,100.0,4.0,25.00,14.0,50.0,27.0,-59.0,7,Tue,2,TRUE,24,30,28,30
29,BU,2025.09.05 07:00,2025.09.09 04:00,39,9.675,55.649,45.974,1.1788,98.09,97.28,-81.0,-0.83,0.095,0.099,0.003,0.107,0.895,NORMAL,0.094,0.110,1.015,0.898,2,UP,2025.09.05,-4.18,-8.49,-9.13,-32.29,22.67,31.64,8.97,12.71,25.53,DOWN,98.169,97.578,-7.9,-29.8,-0.027,BELOW,BELOW,-1,9999,FALSE,435,2025.08.07,28,46,1.0,82.0,0.01,-68.0,37.0,-16.0,-34.0,7,Fri,9,TRUE,24,30,28,30
30,PD,2025.04.03 20:00,2025.04.08 15:00,58,57.208,7.338,-49.870,-0.8598,101.81,102.72,91.0,0.89,0.319,0.235,-0.083,0.122,2.611,HIGH,0.287,0.250,1.109,0.940,17,UP,2025.04.03,7.44,-8.43,36.61,-10.17,45.68,14.75,-30.93,13.83,25.35,DOWN,102.624,102.772,-81.4,-5.2,-8.067,BELOW,BELOW,-1,9999,FALSE,761,2025.02.12,50,117,57.0,148.0,0.39,3.0,83.0,31.0,-26.0,20,Thu,4,FALSE,24,30,28,30
31,PD,2026.04.02 03:00,2026.04.07 08:00,54,54.481,-0.065,-54.545,-1.0101,99.31,99.86,55.0,0.55,0.148,0.100,-0.047,0.150,0.989,NORMAL,0.164,0.099,0.900,1.018,4,DOWN,2026.04.01,-11.03,-3.98,-17.44,-11.40,33.03,12.22,-20.81,12.31,20.98,DOWN,99.473,99.839,-16.3,2.1,-2.787,BELOW,ABOVE,-1,9999,FALSE,-170,2026.04.14,162,12,6.0,77.0,0.08,58.0,8.0,-21.0,10.0,3,Thu,4,TRUE,24,30,28,30
32,PD,2025.09.09 04:00,2025.09.11 11:00,49,54.870,9.286,-45.584,-0.9303,97.28,97.89,61.0,0.63,0.099,0.110,0.011,0.104,0.952,NORMAL,0.110,0.103,0.898,1.064,7,DOWN,2025.09.08,-8.49,1.94,-32.29,-2.59,31.64,18.20,-13.44,11.36,31.09,DOWN,97.578,97.753,-29.8,13.7,-1.307,BELOW,ABOVE,-1,9999,FALSE,474,2025.08.07,32,42,9.0,65.0,0.14,15.0,23.0,6.0,17.0,4,Tue,9,TRUE,24,30,28,30
33,PD,2026.01.20 22:00,2026.01.23 08:00,49,55.649,3.442,-52.208,-1.0655,98.37,98.19,-18.0,-0.18,0.113,0.085,-0.029,0.083,1.367,NORMAL,0.105,0.087,1.076,0.976,7,UP,2026.01.20,3.03,1.00,28.30,-10.57,35.88,24.35,-11.53,15.51,22.15,DOWN,98.567,98.358,-19.7,-16.8,-2.153,BELOW,BELOW,-1,9999,FALSE,-1243,2026.04.14,91,83,32.0,28.0,1.14,0.0,21.0,-24.0,-15.0,22,Tue,1,FALSE,24,30,28,30
34,BU,2025.09.01 23:00,2025.09.03 11:00,30,-2.013,57.208,59.221,1.9740,97.57,98.18,61.0,0.63,0.076,0.152,0.076,0.101,0.752,NORMAL,0.090,0.136,0.846,1.116,4,DOWN,2025.09.01,-17.65,9.94,-24.48,11.62,11.25,27.76,16.51,14.39,19.65,DOWN,97.631,98.148,-6.1,3.2,-0.907,BELOW,ABOVE,-1,9999,FALSE,367,2025.08.07,25,49,98.0,2.0,49.00,14.0,48.0,4.0,-5.0,23,Mon,9,TRUE,24,30,28,30
35,BU,2026.04.28 11:00,2026.04.30 23:00,54,-3.571,56.039,59.610,1.1039,98.46,97.91,-55.0,-0.56,0.083,0.146,0.063,0.091,0.909,NORMAL,0.081,0.143,1.019,1.020,2,UP,2026.04.28,11.17,-2.77,7.57,5.72,21.24,28.36,7.12,25.98,14.18,UP,98.266,98.492,19.4,-58.2,0.340,ABOVE,BELOW,-1,9999,FALSE,91,2026.04.22,6,8,48.0,62.0,0.77,-4.0,28.0,23.0,-102.0,11,Tue,4,FALSE,24,30,28,30
36,PD,2026.02.11 17:00,2026.02.17 05:00,72,52.922,0.714,-52.208,-0.7251,96.90,97.00,10.0,0.10,0.138,0.058,-0.080,0.110,1.262,NORMAL,0.129,0.067,1.075,0.864,12,UP,2026.02.11,31.23,-7.95,33.87,-32.85,18.53,16.22,-2.31,23.71,20.61,UP,96.625,96.876,27.5,12.4,0.067,ABOVE,ABOVE,-1,9999,FALSE,-912,2026.04.14,113,62,34.0,15.0,2.27,-9.0,9.0,-8.0,18.0,17,Wed,2,FALSE,24,30,28,30
37,PD,2026.05.22 04:00,2026.05.27 14:00,71,46.688,-6.299,-52.987,-0.7463,99.19,99.06,-13.0,-0.13,0.115,0.060,-0.055,0.092,1.259,NORMAL,0.126,0.059,0.916,1.011,5,DOWN,2026.05.21,-2.46,-0.00,-6.73,2.86,22.85,11.96,-10.88,19.58,10.63,UP,99.135,99.023,5.5,3.7,-0.467,ABOVE,ABOVE,-1,9999,FALSE,128,2026.05.14,8,-1,37.0,16.0,2.31,-2.0,-27.0,13.0,3.0,4,Fri,5,FALSE,24,30,28,30
38,BU,2026.04.21 12:00,2026.04.21 23:00,11,0.714,56.818,56.104,5.1004,98.06,98.20,14.0,0.14,0.082,0.112,0.030,0.105,0.782,NORMAL,0.082,0.114,0.997,0.986,15,DOWN,2026.04.20,-1.99,28.10,-15.09,38.66,14.16,16.24,2.08,24.13,14.84,UP,97.970,97.989,9.0,21.1,0.120,ABOVE,ABOVE,-1,9999,FALSE,-13,2026.04.22,6,0,32.0,15.0,2.13,-8.0,0.0,13.0,9.0,12,Tue,4,TRUE,24,30,28,30
39,BU,2025.11.25 07:00,2025.11.26 06:00,20,-1.234,61.883,63.117,3.1558,100.13,99.60,-53.0,-0.53,0.077,0.118,0.042,0.096,0.797,NORMAL,0.078,0.107,0.987,1.106,13,DOWN,2025.11.24,-2.65,9.23,-12.80,14.06,10.52,18.85,8.33,23.99,17.59,UP,100.084,99.897,4.6,-29.7,-0.153,ABOVE,BELOW,-1,9999,FALSE,520,2025.10.21,34,140,5.0,61.0,0.08,-16.0,-21.0,-2.0,-14.0,7,Tue,11,TRUE,24,30,28,30
40,PD,2026.03.24 04:00,2026.03.31 10:00,110,62.273,1.494,-60.779,-0.5525,99.14,100.27,113.0,1.14,0.247,0.105,-0.142,0.137,1.799,HIGH,0.231,0.104,1.069,1.002,18,UP,2026.03.23,-1.00,-0.79,1.02,2.03,14.36,36.75,22.39,23.45,15.17,UP,99.290,100.159,-15.0,11.1,-0.947,BELOW,ABOVE,-1,9999,FALSE,-315,2026.04.14,153,21,33.0,134.0,0.25,-11.0,51.0,48.0,25.0,4,Tue,3,FALSE,24,30,28,30
41,BU,2025.11.28 09:00,2025.12.01 17:00,26,3.052,55.649,52.597,2.0230,99.61,99.12,-49.0,-0.49,0.067,0.111,0.044,0.099,0.679,LOW,0.067,0.102,1.006,1.087,1,UP,2025.11.28,-2.42,12.71,-9.04,22.02,20.11,21.52,1.40,17.92,14.11,UP,99.499,99.386,11.1,-26.6,-0.367,ABOVE,BELOW,-1,9999,FALSE,582,2025.10.21,37,137,14.0,68.0,0.21,-6.0,-23.0,-2.0,-18.0,9,Fri,11,TRUE,24,30,28,30
42,BU,2025.06.11 09:00,2025.06.13 15:00,48,-2.013,61.494,63.506,1.3231,99.13,97.94,-119.0,-1.20,0.115,0.184,0.068,0.131,0.879,NORMAL,0.119,0.182,0.973,1.011,1,DOWN,2025.06.11,-11.22,-2.43,-4.81,3.28,12.56,23.00,10.43,15.83,18.05,DOWN,99.033,97.899,9.7,4.1,0.560,ABOVE,ABOVE,-1,9999,FALSE,-737,2025.07.30,118,49,4.0,199.0,0.02,-55.0,-58.0,-46.0,40.0,9,Wed,6,TRUE,24,30,28,30
43,BU,2026.01.08 12:00,2026.01.12 03:00,33,-2.403,59.935,62.338,1.8890,98.46,98.69,23.0,0.23,0.065,0.097,0.032,0.086,0.762,NORMAL,0.066,0.095,0.986,1.026,0,DOWN,2026.01.08,-3.09,5.43,-5.99,8.88,25.15,20.53,-4.62,24.87,14.31,UP,98.361,98.731,9.9,-4.1,0.607,ABOVE,BELOW,-1,9999,FALSE,1138,2025.10.21,79,96,54.0,1.0,54.00,23.0,1.0,3.0,-4.0,12,Thu,1,TRUE,24,30,28,30
44,BU,2026.05.14 13:00,2026.05.15 22:00,30,3.831,57.208,53.377,1.7792,98.41,99.19,78.0,0.79,0.071,0.100,0.028,0.098,0.731,NORMAL,0.070,0.102,1.013,0.976,4,UP,2026.05.14,0.59,-9.13,1.79,-1.65,17.43,51.53,34.10,15.32,13.43,UP,98.347,98.911,6.3,27.9,0.753,ABOVE,ABOVE,-1,9999,FALSE,11,2026.05.14,0,-1,81.0,5.0,16.20,28.0,23.0,0.0,27.0,13,Thu,5,TRUE,24,30,28,30
45,BU,2026.05.12 10:00,2026.05.13 03:00,14,3.052,40.455,37.403,2.6716,98.12,98.17,5.0,0.05,0.081,0.091,0.010,0.101,0.802,NORMAL,0.080,0.087,1.016,1.044,1,UP,2026.05.12,13.37,1.40,11.43,1.40,17.71,27.49,9.78,25.97,13.53,UP,97.881,98.021,23.9,14.9,0.867,ABOVE,ABOVE,-1,9999,FALSE,-34,2026.05.14,5,1,21.0,6.0,3.50,4.0,11.0,0.0,-10.0,10,Tue,5,FALSE,24,30,28,30
46,PD,2026.02.23 04:00,2026.02.27 21:00,101,51.753,3.052,-48.701,-0.4822,97.31,97.54,23.0,0.24,0.133,0.102,-0.031,0.102,1.306,NORMAL,0.129,0.107,1.031,0.955,0,UP,2026.02.23,10.73,-10.87,8.84,2.50,20.25,7.39,-12.86,10.64,23.10,DOWN,97.758,97.660,-44.8,-12.0,-0.687,BELOW,BELOW,-1,9999,FALSE,-757,2026.04.14,124,50,4.0,60.0,0.07,39.0,12.0,-26.0,-2.0,4,Mon,2,FALSE,24,30,28,30
47,PD,2026.04.08 16:00,2026.04.17 10:00,141,57.208,3.442,-53.766,-0.3813,98.52,97.98,-54.0,-0.55,0.187,0.076,-0.111,0.120,1.554,HIGH,0.178,0.077,1.051,0.990,13,UP,2026.04.08,4.18,-7.58,14.83,-9.41,40.00,18.55,-21.45,6.25,24.64,DOWN,99.178,97.936,-65.8,4.4,-4.607,BELOW,ABOVE,-1,9999,FALSE,-87,2026.04.14,169,6,92.0,43.0,2.14,20.0,-56.0,-22.0,4.0,16,Wed,4,FALSE,24,30,28,30
48,BU,2025.04.21 21:00,2025.04.23 18:00,39,2.662,55.260,52.597,1.3487,98.02,99.39,137.0,1.40,0.212,0.236,0.024,0.250,0.851,NORMAL,0.209,0.219,1.018,1.079,13,UP,2025.04.21,-8.11,16.19,0.79,14.31,19.24,25.90,6.66,17.86,21.86,DOWN,98.460,98.701,-44.0,68.9,-4.027,BELOW,ABOVE,-1,9999,FALSE,993,2025.02.12,68,99,143.0,26.0,5.50,9.0,21.0,75.0,32.0,21,Mon,4,FALSE,24,30,28,30
49,BU,2026.05.27 12:00,2026.05.28 18:00,27,-7.857,41.623,49.481,1.8326,98.98,98.96,-2.0,-0.02,0.060,0.106,0.046,0.092,0.656,LOW,0.058,0.103,1.048,1.028,8,UP,2026.05.27,5.84,9.44,2.84,14.86,13.07,12.43,-0.64,15.22,19.97,DOWN,99.019,99.160,-3.9,-20.0,0.313,BELOW,BELOW,-1,9999,FALSE,197,2026.05.14,13,-1,50.0,12.0,4.17,13.0,10.0,7.0,-32.0,12,Wed,5,TRUE,24,30,28,30
50,PD,2025.05.12 23:00,2025.05.14 08:00,27,64.610,10.455,-54.156,-2.0058,101.61,100.74,-87.0,-0.86,0.219,0.121,-0.098,0.164,1.332,NORMAL,0.203,0.123,1.079,0.982,13,UP,2025.05.12,-1.69,-3.97,5.85,-11.85,31.04,37.49,6.45,23.40,11.88,UP,100.842,101.135,76.8,-39.5,4.667,ABOVE,BELOW,-1,9999,FALSE,-1185,2025.07.30,89,78,97.0,0.0,999.00,-24.0,1.0,-52.0,-12.0,23,Mon,5,FALSE,24,30,28,30
51,BU,2025.07.24 14:00,2025.07.29 21:00,70,-1.623,52.143,53.766,0.7681,97.05,98.62,157.0,1.62,0.097,0.129,0.032,0.106,0.918,NORMAL,0.100,0.135,0.978,0.957,5,DOWN,2025.07.24,-4.49,-6.63,-8.59,0.32,20.88,38.05,17.18,20.17,13.76,UP,97.052,98.436,-0.2,18.4,-0.187,BELOW,ABOVE,-1,9999,FALSE,-85,2025.07.30,161,6,183.0,19.0,9.63,23.0,4.0,106.0,24.0,14,Thu,7,TRUE,24,30,28,30
52,BU,2025.12.15 23:00,2025.12.17 05:00,24,-0.065,64.610,64.675,2.6948,97.90,97.92,2.0,0.02,0.079,0.114,0.035,0.082,0.955,NORMAL,0.086,0.106,0.916,1.080,3,DOWN,2025.12.15,-10.00,3.79,-7.35,9.60,18.47,20.79,2.32,17.09,22.29,DOWN,97.956,97.837,-5.6,8.3,-0.373,BELOW,ABOVE,-1,9999,FALSE,819,2025.10.21,55,119,6.0,42.0,0.14,-2.0,-22.0,15.0,11.0,23,Mon,12,TRUE,24,30,28,30
53,BU,2025.10.29 08:00,2025.10.30 19:00,32,1.104,59.935,58.831,1.8385,98.66,99.32,66.0,0.67,0.090,0.151,0.061,0.092,0.973,NORMAL,0.088,0.146,1.027,1.034,7,UP,2025.10.28,-4.00,-1.89,-4.00,8.04,18.60,30.96,12.35,32.58,14.96,UP,98.490,98.892,17.0,42.8,-0.027,ABOVE,ABOVE,-1,9999,FALSE,123,2025.10.21,7,167,86.0,25.0,3.44,-14.0,32.0,12.0,36.0,8,Wed,10,TRUE,24,30,28,30
54,PD,2025.09.18 20:00,2025.09.23 22:00,65,59.935,2.273,-57.662,-0.8871,96.95,96.82,-13.0,-0.13,0.172,0.091,-0.082,0.109,1.586,HIGH,0.155,0.094,1.115,0.963,16,UP,2025.09.18,3.50,-3.11,15.97,0.93,20.59,15.60,-4.99,21.97,16.86,UP,96.614,96.949,33.6,-12.9,2.240,ABOVE,BELOW,-1,9999,FALSE,-475,2025.10.21,42,32,14.0,48.0,0.29,41.0,-8.0,-35.0,-11.0,20,Thu,9,FALSE,24,30,28,30
55,PD,2025.04.11 21:00,2025.04.17 22:00,85,58.377,14.351,-44.026,-0.5180,99.84,99.11,-73.0,-0.73,0.420,0.176,-0.243,0.279,1.503,HIGH,0.409,0.176,1.027,1.001,13,UP,2025.04.11,-5.80,-3.20,5.67,3.17,34.13,11.98,-22.15,16.44,20.85,DOWN,100.189,99.246,-34.9,-13.6,-7.393,BELOW,BELOW,-1,9999,FALSE,888,2025.02.12,58,109,94.0,25.0,3.76,-46.0,56.0,-82.0,-1.0,21,Fri,4,FALSE,24,30,28,30
56,PD,2025.11.07 19:00,2025.11.13 05:00,70,54.481,2.273,-52.208,-0.7458,99.28,99.36,8.0,0.08,0.083,0.077,-0.006,0.089,0.930,NORMAL,0.089,0.072,0.935,1.070,5,DOWN,2025.11.07,-3.86,6.98,-1.49,0.55,31.91,17.20,-14.71,8.98,27.60,DOWN,99.593,99.356,-31.3,0.4,-1.627,BELOW,ABOVE,-1,9999,FALSE,280,2025.10.21,17,158,15.0,31.0,0.48,11.0,9.0,-7.0,-5.0,19,Fri,11,TRUE,24,30,28,30
57,PD,2026.03.04 03:00,2026.03.06 14:00,53,59.545,2.273,-57.273,-1.0806,99.13,99.34,21.0,0.21,0.183,0.144,-0.040,0.104,1.760,HIGH,0.189,0.152,0.972,0.948,4,DOWN,2026.03.03,-0.23,-5.99,0.69,-7.75,35.17,24.42,-10.75,31.06,13.19,UP,98.810,99.050,32.0,29.0,2.413,ABOVE,ABOVE,-1,9999,FALSE,-611,2026.04.14,133,41,50.0,25.0,2.00,-26.0,9.0,32.0,6.0,3,Wed,3,TRUE,24,30,28,30
58,PD,2026.01.28 04:00,2026.02.06 11:00,154,60.325,0.325,-60.000,-0.3896,95.92,97.69,177.0,1.85,0.190,0.103,-0.087,0.096,1.987,HIGH,0.177,0.096,1.078,1.076,2,UP,2026.01.27,31.70,3.35,28.37,-1.59,28.97,12.86,-16.11,14.96,25.99,DOWN,96.516,97.660,-59.6,3.0,-3.633,BELOW,ABOVE,-1,9999,FALSE,-1135,2026.04.14,98,76,25.0,192.0,0.13,20.0,138.0,-11.0,30.0,4,Wed,1,FALSE,24,30,28,30
59,PD,2026.06.12 11:00,2026.06.17 13:00,65,59.935,-0.844,-60.779,-0.9351,99.44,99.35,-9.0,-0.09,0.130,0.071,-0.060,0.085,1.527,HIGH,0.117,0.072,1.115,0.988,7,UP,2026.06.12,10.60,-5.03,8.30,-8.60,22.64,10.91,-11.74,22.82,16.86,UP,99.664,99.318,-22.4,3.2,-0.553,BELOW,ABOVE,-1,9999,FALSE,448,2026.05.14,29,-1,34.0,13.0,2.62,-21.0,20.0,-14.0,6.0,11,Fri,6,FALSE,24,30,28,30
60,BU,2025.11.05 13:00,2025.11.07 20:00,49,2.273,53.701,51.429,1.0496,100.00,99.35,-65.0,-0.65,0.081,0.080,-0.001,0.090,0.899,NORMAL,0.084,0.089,0.971,0.904,0,DOWN,2025.11.05,-4.41,-7.21,-12.16,-5.85,19.87,33.34,13.47,27.09,17.10,UP,99.906,99.578,9.4,-22.8,0.960,ABOVE,BELOW,-1,9999,FALSE,232,2025.10.21,15,160,19.0,77.0,0.25,-11.0,-11.0,-11.0,-32.0,13,Wed,11,TRUE,24,30,28,30
61,BU,2026.04.17 11:00,2026.04.20 03:00,13,-0.065,52.143,52.208,4.0160,97.89,98.13,24.0,0.25,0.078,0.105,0.027,0.106,0.737,NORMAL,0.080,0.104,0.983,1.006,3,DOWN,2026.04.17,-1.57,12.50,-6.00,18.87,17.40,17.44,0.03,22.12,21.30,UP,97.938,97.924,-4.8,20.6,0.527,BELOW,ABOVE,-1,9999,FALSE,55,2026.04.14,2,4,37.0,49.0,0.76,0.0,-29.0,15.0,38.0,11,Fri,4,TRUE,24,30,28,30
62,PD,2025.05.08 19:00,2025.05.12 10:00,33,44.740,-0.844,-45.584,-1.3813,100.41,101.47,106.0,1.06,0.205,0.168,-0.037,0.162,1.264,NORMAL,0.186,0.160,1.102,1.049,7,UP,2025.05.08,17.94,28.75,23.25,33.00,21.84,20.72,-1.12,27.71,12.45,UP,99.602,100.348,80.8,112.2,2.660,ABOVE,ABOVE,-1,9999,FALSE,-1231,2025.07.30,85,82,51.0,112.0,0.46,6.0,-29.0,-1.0,130.0,19,Thu,5,FALSE,24,30,28,30
63,PD,2026.06.08 04:00,2026.06.11 16:00,75,57.208,-1.623,-58.831,-0.7844,100.03,99.85,-18.0,-0.18,0.105,0.105,0.000,0.076,1.377,NORMAL,0.096,0.098,1.098,1.071,6,UP,2026.06.05,10.04,12.00,21.15,16.13,21.54,21.15,-0.39,24.90,13.55,UP,99.519,99.683,51.1,16.7,2.647,ABOVE,ABOVE,-1,9999,FALSE,357,2026.05.14,25,-1,61.0,14.0,4.36,-5.0,-4.0,-43.0,34.0,4,Mon,6,FALSE,24,30,28,30
64,PD,2025.11.26 04:00,2025.11.28 08:00,43,59.156,1.883,-57.273,-1.3319,99.59,99.55,-4.0,-0.04,0.116,0.070,-0.047,0.097,1.192,NORMAL,0.109,0.066,1.070,1.049,7,UP,2025.11.25,13.88,0.60,22.37,-13.02,17.34,20.72,3.38,15.65,27.28,DOWN,99.933,99.496,-34.3,5.4,-1.193,BELOW,ABOVE,-1,9999,FALSE,538,2025.10.21,35,139,27.0,27.0,1.00,12.0,-35.0,19.0,0.0,4,Wed,11,FALSE,24,30,28,30
65,PD,2025.12.17 06:00,2025.12.26 10:00,127,64.221,3.442,-60.779,-0.4786,98.02,97.68,-34.0,-0.35,0.116,0.071,-0.045,0.083,1.402,HIGH,0.106,0.074,1.100,0.959,17,UP,2025.12.16,4.89,-1.72,13.88,-6.56,21.15,22.09,0.93,24.87,14.60,UP,97.842,97.572,17.8,10.8,0.220,ABOVE,ABOVE,-1,9999,FALSE,844,2025.10.21,56,118,62.0,37.0,1.68,-4.0,27.0,-54.0,-3.0,6,Wed,12,FALSE,24,30,28,30
66,PD,2026.04.22 03:00,2026.04.28 12:00,93,55.260,0.714,-54.545,-0.5865,98.15,98.54,39.0,0.40,0.112,0.084,-0.029,0.102,1.107,NORMAL,0.114,0.081,0.987,1.030,5,DOWN,2026.04.21,17.39,11.67,35.68,6.91,17.02,22.21,5.19,17.91,10.17,UP,97.993,98.272,15.7,26.8,0.607,ABOVE,ABOVE,-1,9999,FALSE,-1,2026.04.22,7,0,15.0,60.0,0.25,35.0,17.0,-43.0,30.0,3,Wed,4,FALSE,24,30,28,30
67,PD,2025.09.03 11:00,2025.09.05 10:00,41,55.649,11.234,-44.416,-1.0833,98.18,98.00,-18.0,-0.18,0.152,0.100,-0.052,0.103,1.478,HIGH,0.136,0.094,1.116,1.064,22,UP,2025.09.02,9.94,1.27,11.62,1.69,27.76,25.99,-1.77,23.74,20.17,UP,98.148,98.164,3.2,-16.4,2.360,ABOVE,BELOW,-1,9999,FALSE,397,2025.08.07,26,48,25.0,20.0,1.25,-12.0,14.0,13.0,-33.0,11,Wed,9,FALSE,24,30,28,30
68,PD,2025.07.31 16:00,2025.08.05 04:00,51,54.091,2.273,-51.818,-1.0160,99.84,98.55,-129.0,-1.29,0.189,0.143,-0.045,0.113,1.672,HIGH,0.175,0.165,1.081,0.867,14,UP,2025.07.30,5.10,-14.64,13.53,-40.59,22.60,13.98,-8.62,28.44,15.48,UP,99.244,98.597,59.6,-4.7,3.707,ABOVE,BELOW,-1,9999,FALSE,-19,2025.08.01,1,0,148.0,19.0,7.79,-4.0,-101.0,-13.0,-11.0,16,Thu,7,FALSE,24,30,28,30
69,BU,2025.07.30 12:00,2025.07.31 16:00,25,-1.623,52.532,54.156,2.1662,98.56,99.84,128.0,1.30,0.125,0.189,0.063,0.113,1.111,NORMAL,0.128,0.175,0.977,1.081,0,DOWN,2025.07.30,-6.52,5.10,-6.52,13.53,18.58,22.60,4.02,19.32,19.76,DOWN,98.580,99.244,-2.0,59.6,0.587,BELOW,ABOVE,-1,9999,FALSE,-3,2025.07.30,167,0,129.0,6.0,21.50,70.0,26.0,-22.0,54.0,12,Wed,7,TRUE,24,30,28,30
70,BU,2025.12.30 15:00,2026.01.05 17:00,62,-1.623,59.156,60.779,0.9803,97.79,98.16,37.0,0.38,0.079,0.112,0.033,0.086,0.913,NORMAL,0.084,0.106,0.937,1.053,1,DOWN,2025.12.30,-8.70,12.13,-7.35,16.52,11.96,23.17,11.21,25.06,17.40,UP,97.715,98.240,7.5,-8.0,0.140,ABOVE,BELOW,-1,9999,FALSE,1018,2025.10.21,70,105,78.0,4.0,19.50,22.0,-9.0,21.0,3.0,15,Tue,12,TRUE,24,30,28,30
71,BU,2026.03.31 11:00,2026.04.01 23:00,33,-0.455,54.870,55.325,1.6765,100.28,99.38,-90.0,-0.90,0.106,0.149,0.043,0.139,0.760,NORMAL,0.103,0.167,1.024,0.892,1,UP,2026.03.31,1.20,-12.07,-2.31,-14.80,36.45,33.55,-2.90,22.59,11.54,UP,100.168,99.496,11.2,-11.6,1.100,ABOVE,BELOW,-1,9999,FALSE,-204,2026.04.14,160,14,11.0,121.0,0.09,-49.0,-16.0,-44.0,19.0,11,Tue,3,TRUE,24,30,28,30
72,PD,2025.04.23 20:00,2025.04.28 13:00,56,52.532,5.779,-46.753,-0.8349,99.54,99.39,-15.0,-0.15,0.235,0.146,-0.089,0.214,1.097,NORMAL,0.220,0.154,1.068,0.945,5,UP,2025.04.23,5.43,-4.63,18.03,-9.56,27.67,9.85,-17.82,27.07,11.13,UP,98.794,99.401,74.6,-1.1,4.700,ABOVE,BELOW,-1,9999,FALSE,1034,2025.02.12,70,97,56.0,17.0,3.29,-42.0,46.0,-33.0,14.0,20,Wed,4,FALSE,24,30,28,30
73,BU,2026.06.17 12:00,2026.06.18 20:00,29,0.325,60.325,60.000,2.0690,99.30,100.57,127.0,1.28,0.072,0.159,0.087,0.092,0.775,NORMAL,0.072,0.144,0.991,1.105,0,DOWN,2026.06.17,-1.15,4.10,-10.88,15.45,9.92,30.01,20.10,16.37,12.99,UP,99.320,99.975,-2.0,59.5,-0.207,BELOW,ABOVE,-1,9999,FALSE,512,2026.05.14,34,-1,127.0,2.0,63.50,13.0,58.0,36.0,20.0,12,Wed,6,TRUE,24,30,28,30
74,PD,2026.01.12 04:00,2026.01.15 15:00,74,58.377,1.883,-56.494,-0.7634,98.73,99.20,47.0,0.48,0.099,0.080,-0.020,0.087,1.144,NORMAL,0.095,0.078,1.048,1.025,1,UP,2026.01.12,10.70,7.91,3.93,15.06,19.96,29.06,9.10,21.00,16.41,UP,98.736,98.882,-0.6,31.8,0.927,BELOW,ABOVE,-1,9999,FALSE,1172,2025.10.21,82,92,34.0,50.0,0.68,-8.0,24.0,-17.0,48.0,4,Mon,1,FALSE,24,30,28,30
75,BU,2026.01.23 09:00,2026.01.28 03:00,57,4.221,60.714,56.494,0.9911,98.19,95.96,-223.0,-2.27,0.093,0.188,0.096,0.087,1.062,NORMAL,0.087,0.180,1.059,1.044,0,UP,2026.01.23,10.45,25.56,-0.45,29.51,23.85,29.12,5.26,16.35,23.09,DOWN,98.347,96.544,-15.7,-58.4,-1.033,BELOW,BELOW,-1,9999,FALSE,-1193,2026.04.14,93,81,7.0,285.0,0.02,-96.0,-46.0,22.0,-103.0,9,Fri,1,FALSE,24,30,28,30
76,PD,2025.09.25 21:00,2025.09.30 10:00,52,56.818,3.052,-53.766,-1.0340,98.19,97.43,-76.0,-0.77,0.107,0.092,-0.015,0.098,1.094,NORMAL,0.107,0.090,0.998,1.024,5,DOWN,2025.09.25,-0.77,5.21,22.38,5.71,51.02,20.38,-30.64,34.08,6.71,UP,97.577,97.586,61.3,-15.6,3.347,ABOVE,BELOW,-1,9999,FALSE,-369,2025.10.21,49,25,79.0,5.0,15.80,-5.0,-55.0,-3.0,-13.0,21,Thu,9,FALSE,24,30,28,30
77,BU,2025.09.17 17:00,2025.09.18 20:00,24,1.883,59.935,58.052,2.4188,96.34,96.95,61.0,0.63,0.100,0.172,0.072,0.107,0.938,NORMAL,0.103,0.155,0.972,1.115,0,DOWN,2025.09.17,-6.23,3.50,-1.23,15.97,29.45,20.59,-8.85,13.15,21.40,DOWN,96.402,96.614,-6.2,33.6,-1.513,BELOW,ABOVE,-1,9999,FALSE,-499,2025.10.21,41,33,88.0,52.0,1.69,27.0,22.0,-21.0,33.0,17,Wed,9,TRUE,24,30,28,30
78,PD,2026.05.13 04:00,2026.05.14 15:00,32,40.455,2.273,-38.182,-1.1932,98.15,98.48,33.0,0.34,0.093,0.070,-0.023,0.101,0.922,NORMAL,0.087,0.072,1.077,0.978,16,UP,2026.05.12,1.82,-7.14,4.19,3.05,26.52,17.97,-8.55,21.17,16.17,UP,98.035,98.368,11.5,11.2,1.107,ABOVE,ABOVE,-1,9999,FALSE,-19,2026.05.14,5,0,3.0,34.0,0.09,22.0,5.0,-7.0,13.0,4,Wed,5,FALSE,24,30,28,30
