Week,WeekStart,Symbol,H1_Bars_Above20,H1_Total_Bars,H1_Pct_Above20,H1_Range_Pips,H1_AvgADX,H1_MaxADX,H4_Bars_Above20,H4_Total_Bars,H4_Pct_Above20,H4_Bars_Above30,H4_Pct_Above30,H4_Range_Pips,H4_AvgADX,H4_MaxADX,ADX_Score_v1,H4_Vel_Pos_Pct,ATR_Ratio,ATR_Phase,Score_Axis_A,Score_Axis_B,Score_Axis_C,ADX_Score_v3,Score_Band_v3
2022-W01,2022.01.03,XAUUSD,66,115,57.4,,27.03,,,30,0.0,,0.0,,13.11,,51.6,52.0,1.0,NORMAL_FLAT,33.0,32.0,4.6,69.6,GOOD
2022-W02,2022.01.10,XAUUSD,62,115,53.9,,31.97,,,30,0.0,,0.0,,17.51,,60.1,56.7,0.848,BOTTOM_CONT,33.0,35.0,9.0,77.0,OPTIMAL
2022-W03,2022.01.17,XAUUSD,36,113,31.9,,23.69,,,30,0.0,,0.0,,14.38,,43.0,33.3,1.0,NORMAL_RISE,22.0,5.0,2.4,29.4,CAUTION
2022-W04,2022.01.24,XAUUSD,61,115,53.0,,27.22,,,30,0.0,,0.0,,17.67,,55.4,56.7,1.216,HIGH_CONT,33.0,8.0,6.0,47.0,WATCH
2022-W05,2022.01.31,XAUUSD,58,115,50.4,,23.02,,,30,0.0,,0.0,,22.65,,48.1,30.0,0.918,NORMAL_FALL,22.0,15.0,5.6,42.6,CAUTION
2022-W06,2022.02.07,XAUUSD,84,115,73.0,,29.0,,,30,0.0,,0.0,,20.6,,60.7,60.0,1.124,HIGH_CONT,40.0,8.0,8.5,56.5,WATCH
2022-W07,2022.02.14,XAUUSD,78,115,67.8,,32.34,,,30,0.0,,0.0,,26.44,,74.8,80.0,1.137,HIGH_CONT,40.0,8.0,13.5,61.5,GOOD
2022-W08,2022.02.21,XAUUSD,59,113,52.2,,25.86,,,30,0.0,,0.0,,36.6,,69.8,53.3,2.249,PEAK_CONT,33.0,18.0,14.2,65.2,GOOD
2022-W09,2022.02.28,XAUUSD,39,115,33.9,,27.24,,,30,0.0,,0.0,,24.27,,58.5,46.7,1.317,PEAK_FALL,25.0,12.0,9.2,46.2,WATCH
2022-W10,2022.03.07,XAUUSD,60,115,52.2,,26.56,,,30,0.0,,0.0,,37.21,,71.0,53.3,1.957,PEAK_CONT,33.0,18.0,14.9,65.9,GOOD
2022-W11,2022.03.14,XAUUSD,94,115,81.7,,36.28,,,30,0.0,,0.0,,34.04,,78.0,53.3,1.114,HIGH_FALL,33.0,13.0,19.7,65.7,GOOD
2022-W12,2022.03.21,XAUUSD,46,115,40.0,,24.5,,,30,0.0,,0.0,,25.81,,50.5,23.3,0.888,BOTTOM_CONT,22.0,35.0,8.1,65.1,GOOD
2022-W13,2022.03.28,XAUUSD,71,115,61.7,,24.43,,,30,0.0,,0.0,,14.59,,41.9,26.7,0.916,NORMAL_FLAT,22.0,32.0,2.9,56.9,WATCH
2022-W14,2022.04.04,XAUUSD,2,115,1.7,,20.18,,,30,0.0,,0.0,,10.36,,41.4,40.0,0.735,BOTTOM,25.0,25.0,0.1,50.1,WATCH
2022-W15,2022.04.11,XAUUSD,10,92,10.9,,20.35,,,24,0.0,,0.0,,24.54,,65.6,95.8,0.806,BOTTOM_TURN,15.0,28.0,4.8,47.8,WATCH
2022-W16,2022.04.18,XAUUSD,59,115,51.3,,25.05,,,30,0.0,,0.0,,26.38,,54.4,33.3,0.96,NORMAL_FLAT,22.0,32.0,8.7,62.7,GOOD
2022-W17,2022.04.25,XAUUSD,70,115,60.9,,33.84,,,30,0.0,,0.0,,39.73,,86.1,73.3,1.047,NORMAL_RISE,40.0,5.0,20.9,65.9,GOOD
2022-W18,2022.05.02,XAUUSD,60,115,52.2,,28.38,,,30,0.0,,0.0,,28.12,,56.5,23.3,1.364,PEAK_CONT,22.0,18.0,11.7,51.7,WATCH
2022-W19,2022.05.09,XAUUSD,70,115,60.9,,27.5,,,30,0.0,,0.0,,20.88,,63.2,73.3,1.101,HIGH_FALL,40.0,13.0,7.7,60.7,GOOD
2022-W20,2022.05.16,XAUUSD,74,115,64.3,,24.68,,,30,0.0,,0.0,,22.68,,47.0,20.0,0.872,BOTTOM_CONT,22.0,35.0,6.7,63.7,GOOD
2022-W21,2022.05.23,XAUUSD,68,115,59.1,,28.6,,,30,0.0,,0.0,,17.24,,53.6,46.7,0.85,BOTTOM_CONT,25.0,35.0,6.7,66.7,GOOD
2022-W22,2022.05.30,XAUUSD,44,112,39.3,,25.29,,,30,0.0,,0.0,,16.25,,46.7,36.7,0.8,BOTTOM_CONT,22.0,35.0,4.0,61.0,GOOD
2022-W23,2022.06.06,XAUUSD,50,115,43.5,,23.96,,,30,0.0,,0.0,,11.44,,39.6,20.0,1.004,NORMAL_RISE,22.0,5.0,2.6,29.6,CAUTION
2022-W24,2022.06.13,XAUUSD,53,115,46.1,,24.49,,,30,0.0,,0.0,,21.77,,55.4,53.3,1.205,HIGH_CONT,33.0,8.0,6.2,47.2,WATCH
2022-W25,2022.06.20,XAUUSD,22,112,19.6,,26.76,,,30,0.0,,0.0,,15.38,,49.2,43.3,0.876,BOTTOM_CONT,25.0,35.0,4.6,64.6,GOOD
2022-W26,2022.06.27,XAUUSD,42,115,36.5,,32.44,,,30,0.0,,0.0,,12.16,,49.9,26.7,1.118,HIGH_CONT,22.0,8.0,8.1,38.1,CAUTION
2022-W27,2022.07.04,XAUUSD,52,112,46.4,,25.26,,,30,0.0,,0.0,,16.8,,50.8,50.0,1.094,NORMAL_FLAT,33.0,32.0,4.3,69.3,GOOD
2022-W28,2022.07.11,XAUUSD,91,115,79.1,,28.45,,,30,0.0,,0.0,,27.05,,73.3,86.7,1.088,NORMAL_FLAT,28.0,32.0,11.3,71.3,GOOD
2022-W29,2022.07.18,XAUUSD,65,115,56.5,,26.65,,,30,0.0,,0.0,,23.6,,48.9,16.7,1.07,NORMAL_FLAT,10.0,32.0,8.5,50.5,WATCH
2022-W30,2022.07.25,XAUUSD,45,115,39.1,,32.33,,,30,0.0,,0.0,,13.6,,51.7,33.3,0.972,NORMAL_FALL,22.0,15.0,8.0,45.0,WATCH
2022-W31,2022.08.01,XAUUSD,39,115,33.9,,34.67,,,30,0.0,,0.0,,22.77,,69.2,63.3,0.926,NORMAL_FLAT,40.0,32.0,13.3,85.3,OPTIMAL
2022-W32,2022.08.08,XAUUSD,47,115,40.9,,26.59,,,30,0.0,,0.0,,19.4,,48.9,30.0,0.746,BOTTOM,22.0,25.0,6.4,53.4,WATCH
2022-W33,2022.08.15,XAUUSD,95,115,82.6,,28.3,,,30,0.0,,0.0,,12.85,,49.5,40.0,0.733,BOTTOM,25.0,25.0,5.4,55.4,WATCH
2022-W34,2022.08.22,XAUUSD,89,115,77.4,,30.84,,,30,0.0,,0.0,,18.38,,57.8,50.0,0.796,BOTTOM_TURN,33.0,28.0,8.7,69.7,GOOD
2022-W35,2022.08.29,XAUUSD,102,115,88.7,,32.49,,,30,0.0,,0.0,,23.86,,70.8,73.3,0.902,NORMAL_FLAT,40.0,32.0,12.4,84.4,OPTIMAL
2022-W36,2022.09.05,XAUUSD,63,113,55.8,,25.83,,,30,0.0,,0.0,,18.88,,44.8,20.0,1.055,NORMAL_RISE,22.0,5.0,5.7,32.7,CAUTION
2022-W37,2022.09.12,XAUUSD,53,115,46.1,,29.91,,,30,0.0,,0.0,,17.9,,58.3,56.7,1.175,HIGH_CONT,33.0,8.0,7.8,48.8,WATCH
2022-W38,2022.09.19,XAUUSD,24,115,20.9,,22.96,,,30,0.0,,0.0,,24.55,,50.7,33.3,1.667,PEAK_CONT,22.0,18.0,6.5,46.5,WATCH
2022-W39,2022.09.26,XAUUSD,53,115,46.1,,25.33,,,30,0.0,,0.0,,23.8,,55.2,43.3,1.213,HIGH_FALL,25.0,13.0,7.7,45.7,WATCH
2022-W40,2022.10.03,XAUUSD,56,115,48.7,,29.68,,,30,0.0,,0.0,,19.0,,54.4,40.0,1.021,NORMAL_FALL,25.0,15.0,8.2,48.2,WATCH
2022-W41,2022.10.10,XAUUSD,50,115,43.5,,33.09,,,30,0.0,,0.0,,25.91,,67.6,53.3,1.271,HIGH_CONT,33.0,8.0,13.7,54.7,WATCH
2022-W42,2022.10.17,XAUUSD,61,115,53.0,,28.37,,,30,0.0,,0.0,,18.66,,53.7,43.3,0.993,NORMAL_FALL,25.0,15.0,7.2,47.2,WATCH
2022-W43,2022.10.24,XAUUSD,24,115,20.9,,26.09,,,30,0.0,,0.0,,11.6,,39.8,13.3,0.851,BOTTOM_CONT,10.0,35.0,4.0,49.0,WATCH
2022-W44,2022.10.31,XAUUSD,84,115,73.0,,24.66,,,30,0.0,,0.0,,12.11,,46.8,43.3,1.174,HIGH_CONT,25.0,8.0,3.0,36.0,CAUTION
2022-W45,2022.11.07,XAUUSD,64,115,55.7,,27.05,,,30,0.0,,0.0,,23.55,,66.0,76.7,1.107,HIGH_CONT,40.0,8.0,8.7,56.7,WATCH
2022-W46,2022.11.14,XAUUSD,38,115,33.0,,23.46,,,30,0.0,,0.0,,28.29,,50.8,20.0,0.693,BOTTOM,22.0,25.0,8.6,55.6,WATCH
2022-W47,2022.11.21,XAUUSD,33,109,30.3,,24.05,,,30,0.0,,0.0,,19.88,,45.8,26.7,0.64,BOTTOM,22.0,25.0,5.0,52.0,WATCH
2022-W48,2022.11.28,XAUUSD,84,115,73.0,,31.07,,,30,0.0,,0.0,,15.17,,55.2,50.0,1.105,HIGH_CONT,33.0,8.0,7.3,48.3,WATCH
2022-W49,2022.12.05,XAUUSD,62,115,53.9,,24.3,,,30,0.0,,0.0,,19.45,,52.2,50.0,0.911,NORMAL_FALL,33.0,15.0,4.9,52.9,WATCH
2022-W50,2022.12.12,XAUUSD,75,115,65.2,,23.91,,,30,0.0,,0.0,,19.13,,43.1,20.0,1.078,NORMAL_RISE,22.0,5.0,4.5,31.5,CAUTION
2022-W51,2022.12.19,XAUUSD,35,115,30.4,,24.05,,,30,0.0,,0.0,,16.89,,49.7,50.0,0.838,BOTTOM_CONT,33.0,35.0,3.5,71.5,GOOD
2022-W52,2022.12.26,XAUUSD,67,92,72.8,,24.13,,,24,0.0,,0.0,,18.35,,53.4,58.3,0.915,NORMAL_FLAT,33.0,32.0,4.3,69.3,GOOD
2023-W01,2023.01.02,XAUUSD,66,92,71.7,,29.7,,,24,0.0,,0.0,,33.84,,73.8,62.5,1.37,PEAK_CONT,40.0,18.0,15.3,73.3,GOOD
2023-W02,2023.01.09,XAUUSD,44,115,38.3,,22.97,,,30,0.0,,0.0,,34.13,,72.2,80.0,1.222,HIGH_CONT,40.0,8.0,11.1,59.1,WATCH
2023-W03,2023.01.16,XAUUSD,28,113,24.8,,24.69,,,30,0.0,,0.0,,36.54,,66.7,46.7,1.003,NORMAL_FALL,25.0,15.0,13.4,53.4,WATCH
2023-W04,2023.01.23,XAUUSD,13,115,11.3,,20.56,,,30,0.0,,0.0,,23.3,,37.9,0.0,1.086,NORMAL_RISE,10.0,5.0,4.3,19.3,CAUTION
2023-W05,2023.01.30,XAUUSD,55,115,47.8,,22.96,,,30,0.0,,0.0,,13.82,,42.3,33.3,1.402,PEAK_CONT,22.0,18.0,1.9,41.9,CAUTION
2023-W06,2023.02.06,XAUUSD,33,115,28.7,,23.64,,,30,0.0,,0.0,,13.18,,43.0,33.3,0.97,NORMAL_FALL,22.0,15.0,2.4,39.4,CAUTION
2023-W07,2023.02.13,XAUUSD,58,115,50.4,,24.28,,,30,0.0,,0.0,,10.83,,52.0,63.3,0.907,NORMAL_FLAT,40.0,32.0,2.8,74.8,GOOD
2023-W08,2023.02.20,XAUUSD,13,113,11.5,,28.44,,,30,0.0,,0.0,,11.76,,44.0,20.0,0.719,BOTTOM,22.0,25.0,5.5,52.5,WATCH
2023-W09,2023.02.27,XAUUSD,84,115,73.0,,26.2,,,30,0.0,,0.0,,12.4,,52.1,56.7,0.65,BOTTOM,33.0,25.0,4.0,62.0,GOOD
2023-W10,2023.03.06,XAUUSD,95,115,82.6,,30.26,,,30,0.0,,0.0,,17.69,,58.5,56.7,0.923,NORMAL_RISE,33.0,5.0,8.0,46.0,WATCH
2023-W11,2023.03.13,XAUUSD,75,115,65.2,,33.01,,,30,0.0,,0.0,,26.11,,68.7,56.7,1.46,PEAK_CONT,33.0,18.0,13.8,64.8,GOOD
2023-W12,2023.03.20,XAUUSD,90,115,78.3,,32.51,,,30,0.0,,0.0,,28.56,,69.4,53.3,1.396,PEAK_CONT,33.0,18.0,14.6,65.6,GOOD
2023-W13,2023.03.27,XAUUSD,87,115,75.7,,26.13,,,30,0.0,,0.0,,15.46,,36.5,0.0,0.973,NORMAL_FALL,10.0,15.0,4.2,29.2,CAUTION
2023-W14,2023.04.03,XAUUSD,59,92,64.1,,26.49,,,24,0.0,,0.0,,11.41,,48.2,41.7,1.158,HIGH_CONT,25.0,8.0,4.2,37.2,CAUTION
2023-W15,2023.04.10,XAUUSD,94,115,81.7,,28.19,,,30,0.0,,0.0,,16.5,,59.1,70.0,1.41,PEAK_CONT,40.0,18.0,6.0,64.0,GOOD
2023-W16,2023.04.17,XAUUSD,40,115,34.8,,21.79,,,30,0.0,,0.0,,14.35,,38.3,23.3,1.001,NORMAL_FALL,22.0,15.0,1.2,38.2,CAUTION
2023-W17,2023.04.24,XAUUSD,31,115,27.0,,23.1,,,30,0.0,,0.0,,12.18,,39.6,23.3,0.963,NORMAL_FLAT,22.0,32.0,2.0,56.0,WATCH
2023-W18,2023.05.01,XAUUSD,66,115,57.4,,23.94,,,30,0.0,,0.0,,11.25,,54.5,73.3,1.36,PEAK_CONT,40.0,18.0,2.6,60.6,GOOD
2023-W19,2023.05.08,XAUUSD,8,115,7.0,,23.66,,,30,0.0,,0.0,,13.7,,43.9,36.7,1.028,NORMAL_FALL,22.0,15.0,2.4,39.4,CAUTION
2023-W20,2023.05.15,XAUUSD,71,115,61.7,,34.47,,,30,0.0,,0.0,,16.84,,63.8,63.3,0.893,BOTTOM_CONT,40.0,35.0,10.3,85.3,OPTIMAL
2023-W21,2023.05.22,XAUUSD,50,115,43.5,,23.87,,,30,0.0,,0.0,,24.59,,56.3,50.0,0.977,NORMAL_RISE,33.0,5.0,7.1,45.1,WATCH
2023-W22,2023.05.29,XAUUSD,2,112,1.8,,23.26,,,30,0.0,,0.0,,20.98,,43.2,16.7,0.928,NORMAL_FLAT,10.0,32.0,5.0,47.0,WATCH
2023-W23,2023.06.05,XAUUSD,40,115,34.8,,31.46,,,30,0.0,,0.0,,18.63,,56.8,43.3,0.842,BOTTOM_CONT,25.0,35.0,9.2,69.2,GOOD
2023-W24,2023.06.12,XAUUSD,19,115,16.5,,25.42,,,30,0.0,,0.0,,11.29,,40.1,16.7,0.933,NORMAL_FLAT,10.0,32.0,3.5,45.5,WATCH
2023-W25,2023.06.19,XAUUSD,54,112,48.2,,29.46,,,30,0.0,,0.0,,17.3,,65.8,86.7,0.839,BOTTOM_CONT,28.0,35.0,7.2,70.3,GOOD
2023-W26,2023.06.26,XAUUSD,29,115,25.2,,23.81,,,30,0.0,,0.0,,20.95,,52.1,46.7,0.9,BOTTOM_CONT,25.0,35.0,5.3,65.3,GOOD
2023-W27,2023.07.03,XAUUSD,19,113,16.8,,27.63,,,30,0.0,,0.0,,17.24,,41.5,6.7,0.954,NORMAL_FLAT,10.0,32.0,6.0,48.0,WATCH
2023-W28,2023.07.10,XAUUSD,77,115,67.0,,31.09,,,30,0.0,,0.0,,24.91,,73.1,83.3,0.831,BOTTOM_CONT,28.0,35.0,12.0,75.0,GOOD
2023-W29,2023.07.17,XAUUSD,29,115,25.2,,28.86,,,30,0.0,,0.0,,28.95,,57.7,23.3,0.824,BOTTOM_CONT,22.0,35.0,12.4,69.5,GOOD
2023-W30,2023.07.24,XAUUSD,14,115,12.2,,23.2,,,30,0.0,,0.0,,15.41,,33.6,0.0,1.147,HIGH_CONT,10.0,8.0,2.3,20.3,CAUTION
2023-W31,2023.07.31,XAUUSD,43,115,37.4,,26.54,,,30,0.0,,0.0,,14.83,,55.2,66.7,0.838,BOTTOM_CONT,40.0,35.0,4.2,79.2,OPTIMAL
2023-W32,2023.08.07,XAUUSD,39,115,33.9,,24.02,,,30,0.0,,0.0,,18.71,,51.3,50.0,0.892,BOTTOM_CONT,33.0,35.0,4.4,72.4,GOOD
2023-W33,2023.08.14,XAUUSD,73,115,63.5,,31.76,,,30,0.0,,0.0,,18.54,,61.7,60.0,0.89,BOTTOM_CONT,40.0,35.0,9.3,84.3,OPTIMAL
2023-W34,2023.08.21,XAUUSD,79,115,68.7,,29.77,,,30,0.0,,0.0,,18.84,,53.4,36.7,0.987,NORMAL_RISE,22.0,5.0,8.2,35.2,CAUTION
2023-W35,2023.08.28,XAUUSD,54,115,47.0,,27.42,,,30,0.0,,0.0,,25.29,,63.3,60.0,0.809,BOTTOM_CONT,40.0,35.0,9.8,84.8,OPTIMAL
2023-W36,2023.09.04,XAUUSD,49,112,43.8,,26.07,,,30,0.0,,0.0,,25.04,,58.9,50.0,0.809,BOTTOM_CONT,33.0,35.0,8.8,76.8,OPTIMAL
2023-W37,2023.09.11,XAUUSD,75,115,65.2,,24.44,,,30,0.0,,0.0,,19.16,,49.3,40.0,0.899,BOTTOM_TURN,25.0,28.0,4.9,57.9,WATCH
2023-W38,2023.09.18,XAUUSD,60,115,52.2,,25.25,,,30,0.0,,0.0,,22.71,,55.1,46.7,1.068,NORMAL_RISE,25.0,5.0,7.1,37.1,CAUTION
2023-W39,2023.09.25,XAUUSD,77,115,67.0,,37.34,,,30,0.0,,0.0,,28.85,,81.0,76.7,1.355,PEAK_CONT,40.0,18.0,17.9,75.9,OPTIMAL
2023-W40,2023.10.02,XAUUSD,69,115,60.0,,37.01,,,30,0.0,,0.0,,53.21,,85.8,60.0,1.183,HIGH_FALL,40.0,13.0,23.1,76.1,OPTIMAL
2023-W41,2023.10.09,XAUUSD,58,115,50.4,,41.02,,,30,0.0,,0.0,,25.42,,71.3,43.3,1.315,PEAK_CONT,25.0,18.0,18.0,61.0,GOOD
2023-W42,2023.10.16,XAUUSD,115,115,100.0,,46.4,,,30,0.0,,0.0,,31.52,,84.1,70.0,1.62,PEAK_CONT,40.0,18.0,20.9,78.9,OPTIMAL
2023-W43,2023.10.23,XAUUSD,22,115,19.1,,28.62,,,30,0.0,,0.0,,35.53,,60.4,13.3,1.297,HIGH_FALL,10.0,13.0,15.5,38.5,CAUTION
2023-W44,2023.10.30,XAUUSD,10,115,8.7,,21.5,,,30,0.0,,0.0,,17.68,,35.7,6.7,0.939,NORMAL_FALL,10.0,15.0,2.3,27.3,CAUTION
2023-W45,2023.11.06,XAUUSD,87,115,75.7,,37.08,,,30,0.0,,0.0,,24.9,,79.1,83.3,0.934,NORMAL_FLAT,28.0,32.0,15.9,75.9,OPTIMAL
2023-W46,2023.11.13,XAUUSD,60,115,52.2,,28.09,,,30,0.0,,0.0,,32.17,,65.3,43.3,0.888,BOTTOM_CONT,25.0,35.0,13.5,73.5,GOOD
2023-W47,2023.11.20,XAUUSD,37,109,33.9,,22.48,,,30,0.0,,0.0,,21.85,,49.7,40.0,0.635,BOTTOM,25.0,25.0,4.9,54.9,WATCH
2023-W48,2023.11.27,XAUUSD,93,115,80.9,,32.73,,,30,0.0,,0.0,,33.58,,78.7,70.0,1.143,HIGH_CONT,40.0,8.0,17.2,65.2,GOOD
2023-W49,2023.12.04,XAUUSD,53,115,46.1,,24.72,,,30,0.0,,0.0,,24.83,,52.7,33.3,1.087,NORMAL_FLAT,22.0,32.0,7.8,61.8,GOOD
2023-W50,2023.12.11,XAUUSD,63,115,54.8,,24.97,,,30,0.0,,0.0,,16.9,,47.8,40.0,1.53,PEAK_CONT,25.0,18.0,4.2,47.1,WATCH
2023-W51,2023.12.18,XAUUSD,39,115,33.9,,25.28,,,30,0.0,,0.0,,14.83,,47.4,43.3,1.057,NORMAL_FALL,25.0,15.0,3.4,43.4,CAUTION
2023-W52,2023.12.25,XAUUSD,45,87,51.7,,25.73,,,23,0.0,,0.0,,27.02,,65.8,69.6,1.013,NORMAL_FLAT,40.0,32.0,9.5,81.5,OPTIMAL
2024-W01,2024.01.01,XAUUSD,12,92,13.0,,23.96,,,24,0.0,,0.0,,15.13,,34.1,0.0,1.1,HIGH_CONT,10.0,8.0,2.6,20.6,CAUTION
2024-W02,2024.01.08,XAUUSD,60,115,52.2,,29.98,,,30,0.0,,0.0,,10.16,,54.9,53.3,1.102,HIGH_CONT,33.0,8.0,6.5,47.5,WATCH
2024-W03,2024.01.15,XAUUSD,103,113,91.2,,29.85,,,30,0.0,,0.0,,20.7,,57.9,46.7,0.861,BOTTOM_CONT,25.0,35.0,9.1,69.1,GOOD
2024-W04,2024.01.22,XAUUSD,15,115,13.0,,27.21,,,30,0.0,,0.0,,15.75,,43.5,20.0,0.863,BOTTOM_CONT,22.0,35.0,5.0,62.0,GOOD
2024-W05,2024.01.29,XAUUSD,50,115,43.5,,23.44,,,30,0.0,,0.0,,24.85,,63.6,76.7,1.121,HIGH_CONT,40.0,8.0,7.0,55.0,WATCH
2024-W06,2024.02.05,XAUUSD,11,115,9.6,,21.88,,,30,0.0,,0.0,,16.38,,35.0,6.7,0.834,BOTTOM_CONT,10.0,35.0,1.9,46.9,WATCH
2024-W07,2024.02.12,XAUUSD,32,115,27.8,,27.82,,,30,0.0,,0.0,,23.7,,66.0,73.3,0.786,BOTTOM_CONT,40.0,35.0,9.3,84.3,OPTIMAL
2024-W08,2024.02.19,XAUUSD,57,113,50.4,,25.97,,,30,0.0,,0.0,,15.23,,36.2,0.0,0.889,BOTTOM_TURN,10.0,28.0,4.0,42.0,CAUTION
2024-W09,2024.02.26,XAUUSD,19,115,16.5,,25.61,,,30,0.0,,0.0,,10.15,,44.9,33.3,1.097,NORMAL_RISE,22.0,5.0,3.6,30.6,CAUTION
2024-W10,2024.03.04,XAUUSD,99,115,86.1,,31.6,,,30,0.0,,0.0,,35.55,,87.7,100.0,1.683,PEAK_CONT,15.0,18.0,17.4,50.4,WATCH
2024-W11,2024.03.11,XAUUSD,78,115,67.8,,28.02,,,30,0.0,,0.0,,35.76,,63.8,26.7,1.02,NORMAL_FALL,22.0,15.0,15.2,52.2,WATCH
2024-W12,2024.03.18,XAUUSD,50,115,43.5,,22.83,,,30,0.0,,0.0,,14.24,,41.2,30.0,1.843,PEAK_CONT,22.0,18.0,1.8,41.8,CAUTION
2024-W13,2024.03.25,XAUUSD,7,92,7.6,,24.09,,,24,0.0,,0.0,,12.86,,41.1,25.0,1.359,PEAK_FALL,22.0,12.0,2.7,36.7,CAUTION
2024-W14,2024.04.01,XAUUSD,92,115,80.0,,35.8,,,30,0.0,,0.0,,27.85,,78.6,76.7,1.532,PEAK_CONT,40.0,18.0,16.4,74.4,GOOD
2024-W15,2024.04.08,XAUUSD,61,115,53.0,,30.66,,,30,0.0,,0.0,,24.1,,58.9,36.7,1.759,PEAK_CONT,22.0,18.0,11.3,51.3,WATCH
2024-W16,2024.04.15,XAUUSD,29,115,25.2,,24.77,,,30,0.0,,0.0,,22.01,,50.3,33.3,1.212,HIGH_FALL,22.0,13.0,6.5,41.5,CAUTION
2024-W17,2024.04.22,XAUUSD,60,115,52.2,,32.47,,,30,0.0,,0.0,,18.97,,54.4,30.0,0.954,NORMAL_FALL,22.0,15.0,10.0,47.0,WATCH
2024-W18,2024.04.29,XAUUSD,73,115,63.5,,34.65,,,30,0.0,,0.0,,18.77,,64.8,60.0,0.976,NORMAL_FLAT,40.0,32.0,11.3,83.3,OPTIMAL
2024-W19,2024.05.06,XAUUSD,66,115,57.4,,29.51,,,30,0.0,,0.0,,18.7,,53.0,36.7,0.869,BOTTOM_CONT,22.0,35.0,8.0,65.0,GOOD
2024-W20,2024.05.13,XAUUSD,97,115,84.3,,29.12,,,30,0.0,,0.0,,28.32,,66.7,56.7,0.851,BOTTOM_CONT,33.0,35.0,12.3,80.3,OPTIMAL
2024-W21,2024.05.20,XAUUSD,77,115,67.0,,32.32,,,30,0.0,,0.0,,34.58,,75.4,56.7,0.95,NORMAL_RISE,33.0,5.0,17.4,55.4,WATCH
2024-W22,2024.05.27,XAUUSD,28,112,25.0,,24.7,,,30,0.0,,0.0,,20.11,,45.7,23.3,0.858,BOTTOM_CONT,22.0,35.0,5.5,62.5,GOOD
2024-W23,2024.06.03,XAUUSD,76,115,66.1,,26.45,,,30,0.0,,0.0,,17.97,,53.1,50.0,1.282,HIGH_CONT,33.0,8.0,5.6,46.6,WATCH
2024-W24,2024.06.10,XAUUSD,33,115,28.7,,26.47,,,30,0.0,,0.0,,11.06,,42.1,20.0,1.006,NORMAL_FALL,22.0,15.0,4.2,41.2,CAUTION
2024-W25,2024.06.17,XAUUSD,44,112,39.3,,25.67,,,30,0.0,,0.0,,12.7,,50.6,53.3,0.868,BOTTOM_CONT,33.0,35.0,3.7,71.7,GOOD
2024-W26,2024.06.24,XAUUSD,58,115,50.4,,26.37,,,30,0.0,,0.0,,14.01,,51.3,53.3,0.776,BOTTOM_CONT,33.0,35.0,4.1,72.1,GOOD
2024-W27,2024.07.01,XAUUSD,56,112,50.0,,24.45,,,30,0.0,,0.0,,19.5,,60.8,80.0,0.704,BOTTOM,40.0,25.0,5.0,70.1,GOOD
2024-W28,2024.07.08,XAUUSD,78,115,67.8,,34.63,,,30,0.0,,0.0,,25.15,,69.4,56.7,1.008,NORMAL_RISE,33.0,5.0,14.4,52.4,WATCH
2024-W29,2024.07.15,XAUUSD,91,115,79.1,,31.75,,,30,0.0,,0.0,,31.35,,71.1,53.3,1.103,HIGH_CONT,33.0,8.0,15.5,56.5,WATCH
2024-W30,2024.07.22,XAUUSD,77,115,67.0,,31.77,,,30,0.0,,0.0,,20.02,,49.0,10.0,1.185,HIGH_CONT,10.0,8.0,10.1,28.1,CAUTION
2024-W31,2024.07.29,XAUUSD,92,115,80.0,,30.98,,,30,0.0,,0.0,,23.0,,68.6,73.3,1.589,PEAK_CONT,40.0,18.0,11.0,69.0,GOOD
2024-W32,2024.08.05,XAUUSD,40,115,34.8,,27.5,,,30,0.0,,0.0,,24.03,,52.9,26.7,0.995,NORMAL_FALL,22.0,15.0,9.2,46.2,WATCH
2024-W33,2024.08.12,XAUUSD,106,115,92.2,,31.73,,,30,0.0,,0.0,,30.39,,76.7,76.7,1.24,HIGH_CONT,40.0,8.0,15.0,63.0,GOOD
2024-W34,2024.08.19,XAUUSD,63,115,54.8,,28.58,,,30,0.0,,0.0,,26.76,,52.7,13.3,0.938,NORMAL_FALL,10.0,15.0,11.2,36.2,CAUTION
2024-W35,2024.08.26,XAUUSD,24,115,20.9,,21.94,,,30,0.0,,0.0,,15.87,,40.2,26.7,0.918,NORMAL_FLAT,22.0,32.0,1.7,55.7,WATCH
2024-W36,2024.09.02,XAUUSD,22,113,19.5,,22.15,,,30,0.0,,0.0,,19.29,,53.7,63.3,0.957,NORMAL_FLAT,40.0,32.0,3.5,75.5,OPTIMAL
2024-W37,2024.09.09,XAUUSD,70,115,60.9,,32.25,,,30,0.0,,0.0,,15.82,,58.8,56.7,0.949,NORMAL_FLAT,33.0,32.0,8.4,73.4,GOOD
2024-W38,2024.09.16,XAUUSD,66,115,57.4,,32.05,,,30,0.0,,0.0,,42.14,,82.7,66.7,1.37,PEAK_CONT,40.0,18.0,19.8,77.8,OPTIMAL
2024-W39,2024.09.23,XAUUSD,74,115,64.3,,27.64,,,30,0.0,,0.0,,58.45,,83.0,83.3,1.068,NORMAL_FALL,28.0,15.0,17.0,60.0,WATCH
2024-W40,2024.09.30,XAUUSD,38,115,33.0,,31.15,,,30,0.0,,0.0,,30.22,,54.5,0.0,1.11,HIGH_CONT,10.0,8.0,14.6,32.6,CAUTION
2024-W41,2024.10.07,XAUUSD,17,115,14.8,,24.95,,,30,0.0,,0.0,,15.43,,48.4,46.7,0.95,NORMAL_FALL,25.0,15.0,3.4,43.4,CAUTION
2024-W42,2024.10.14,XAUUSD,39,115,33.9,,27.53,,,30,0.0,,0.0,,21.12,,60.7,63.3,0.902,NORMAL_FLAT,40.0,32.0,7.8,79.8,OPTIMAL
2024-W43,2024.10.21,XAUUSD,110,115,95.7,,31.87,,,30,0.0,,0.0,,44.52,,78.8,53.3,0.993,NORMAL_RISE,33.0,5.0,19.7,57.7,WATCH
2024-W44,2024.10.28,XAUUSD,76,115,66.1,,30.49,,,30,0.0,,0.0,,33.31,,67.8,40.0,1.023,NORMAL_FLAT,25.0,32.0,15.6,72.6,GOOD
2024-W45,2024.11.04,XAUUSD,47,115,40.9,,29.17,,,30,0.0,,0.0,,17.88,,49.2,26.7,1.255,HIGH_CONT,22.0,8.0,7.3,37.3,CAUTION
2024-W46,2024.11.11,XAUUSD,86,115,74.8,,30.52,,,30,0.0,,0.0,,29.98,,77.0,83.3,1.286,HIGH_CONT,28.0,8.0,14.0,50.0,WATCH
2024-W47,2024.11.18,XAUUSD,99,115,86.1,,40.75,,,30,0.0,,0.0,,30.81,,78.8,53.3,1.042,NORMAL_FALL,33.0,15.0,20.6,68.6,GOOD
2024-W48,2024.11.25,XAUUSD,43,109,39.4,,27.63,,,30,0.0,,0.0,,28.39,,55.9,23.3,0.917,NORMAL_FALL,22.0,15.0,11.4,48.4,WATCH
2024-W49,2024.12.02,XAUUSD,8,115,7.0,,22.42,,,30,0.0,,0.0,,16.36,,43.0,33.3,1.023,NORMAL_RISE,22.0,5.0,2.2,29.2,CAUTION
2024-W50,2024.12.09,XAUUSD,73,115,63.5,,30.4,,,30,0.0,,0.0,,19.04,,61.7,63.3,1.078,NORMAL_RISE,40.0,5.0,8.7,53.7,WATCH
2024-W51,2024.12.16,XAUUSD,48,115,41.7,,24.28,,,30,0.0,,0.0,,21.77,,57.0,60.0,1.291,HIGH_CONT,40.0,8.0,6.0,54.0,WATCH
2024-W52,2024.12.23,XAUUSD,20,89,22.5,,23.36,,,24,0.0,,0.0,,17.17,,44.6,33.3,0.613,BOTTOM,22.0,25.0,3.2,50.2,WATCH
2025-W01,2024.12.30,XAUUSD,31,90,34.4,,25.36,,,24,0.0,,0.0,,16.41,,49.4,45.8,0.776,BOTTOM_TURN,25.0,28.0,4.2,57.2,WATCH
2025-W02,2025.01.06,XAUUSD,54,115,47.0,,22.44,,,30,0.0,,0.0,,23.52,,58.6,66.7,0.883,BOTTOM_CONT,40.0,35.0,5.7,80.7,OPTIMAL
2025-W03,2025.01.13,XAUUSD,80,115,69.6,,30.51,,,30,0.0,,0.0,,32.47,,70.8,53.3,0.985,NORMAL_FLAT,33.0,32.0,15.2,80.2,OPTIMAL
2025-W04,2025.01.20,XAUUSD,69,113,61.1,,29.22,,,30,0.0,,0.0,,34.64,,69.6,46.7,0.963,NORMAL_FLAT,25.0,32.0,15.4,72.4,GOOD
2025-W05,2025.01.27,XAUUSD,90,115,78.3,,29.07,,,30,0.0,,0.0,,22.99,,54.5,30.0,1.015,NORMAL_FLAT,22.0,32.0,9.7,63.7,GOOD
2025-W06,2025.02.03,XAUUSD,90,115,78.3,,28.92,,,30,0.0,,0.0,,34.26,,76.4,73.3,1.365,PEAK_CONT,40.0,18.0,15.0,73.0,GOOD
2025-W07,2025.02.10,XAUUSD,94,115,81.7,,30.48,,,30,0.0,,0.0,,36.18,,71.3,43.3,1.415,PEAK_CONT,25.0,18.0,17.0,60.0,WATCH
2025-W08,2025.02.17,XAUUSD,62,113,54.9,,26.94,,,30,0.0,,0.0,,24.59,,57.5,43.3,1.391,PEAK_CONT,25.0,18.0,9.1,52.1,WATCH
2025-W09,2025.02.24,XAUUSD,37,115,32.2,,29.07,,,30,0.0,,0.0,,21.01,,54.6,36.7,1.352,PEAK_CONT,22.0,18.0,8.8,48.8,WATCH
2025-W10,2025.03.03,XAUUSD,15,115,13.0,,23.49,,,30,0.0,,0.0,,18.98,,40.7,13.3,1.12,HIGH_CONT,10.0,8.0,4.2,22.2,CAUTION
2025-W11,2025.03.10,XAUUSD,79,115,68.7,,27.6,,,30,0.0,,0.0,,16.0,,61.8,83.3,0.961,NORMAL_FALL,28.0,15.0,5.4,48.4,WATCH
2025-W12,2025.03.17,XAUUSD,78,115,67.8,,30.7,,,30,0.0,,0.0,,44.0,,81.4,66.7,0.929,NORMAL_FLAT,40.0,32.0,18.9,91.0,OPTIMAL
2025-W13,2025.03.24,XAUUSD,34,115,29.6,,30.65,,,30,0.0,,0.0,,23.25,,57.2,33.3,0.942,NORMAL_FLAT,22.0,32.0,10.9,64.9,GOOD
2025-W14,2025.03.31,XAUUSD,78,115,67.8,,30.53,,,30,0.0,,0.0,,41.48,,74.7,43.3,2.496,PEAK_CONT,25.0,18.0,18.8,61.8,GOOD
2025-W15,2025.04.07,XAUUSD,88,115,76.5,,32.69,,,30,0.0,,0.0,,25.68,,63.3,40.0,2.137,PEAK_FALL,25.0,12.0,13.4,50.4,WATCH
2025-W16,2025.04.14,XAUUSD,73,92,79.3,,38.09,,,24,0.0,,0.0,,34.41,,85.0,70.8,1.537,PEAK_FALL,40.0,12.0,21.1,73.1,GOOD
2025-W17,2025.04.21,XAUUSD,84,115,73.0,,35.2,,,30,0.0,,0.0,,37.39,,73.3,30.0,1.514,PEAK_CONT,22.0,18.0,20.6,60.6,GOOD
2025-W18,2025.04.28,XAUUSD,42,115,36.5,,32.18,,,30,0.0,,0.0,,15.66,,52.1,33.3,1.011,NORMAL_FALL,22.0,15.0,8.2,45.2,WATCH
2025-W19,2025.05.05,XAUUSD,96,115,83.5,,37.88,,,30,0.0,,0.0,,24.83,,72.4,56.7,1.071,NORMAL_RISE,33.0,5.0,16.3,54.3,WATCH
2025-W20,2025.05.12,XAUUSD,63,115,54.8,,30.37,,,30,0.0,,0.0,,18.03,,51.4,30.0,1.004,NORMAL_FLAT,22.0,32.0,8.2,62.2,GOOD
2025-W21,2025.05.19,XAUUSD,108,115,93.9,,31.73,,,30,0.0,,0.0,,17.27,,58.7,53.3,0.743,BOTTOM,33.0,25.0,8.7,66.7,GOOD
2025-W22,2025.05.26,XAUUSD,44,113,38.9,,22.73,,,30,0.0,,0.0,,17.03,,39.2,16.7,0.867,BOTTOM_TURN,10.0,28.0,2.8,40.8,CAUTION
2025-W23,2025.06.02,XAUUSD,30,115,26.1,,30.57,,,30,0.0,,0.0,,12.72,,52.7,43.3,0.836,BOTTOM_CONT,25.0,35.0,6.9,66.9,GOOD
2025-W24,2025.06.09,XAUUSD,43,115,37.4,,24.63,,,30,0.0,,0.0,,13.29,,49.6,53.3,0.929,NORMAL_RISE,33.0,5.0,3.0,41.0,CAUTION
2025-W25,2025.06.16,XAUUSD,52,113,46.0,,21.89,,,30,0.0,,0.0,,18.65,,44.4,33.3,0.73,BOTTOM,22.0,25.0,3.0,50.0,WATCH
2025-W26,2025.06.23,XAUUSD,43,115,37.4,,27.77,,,30,0.0,,0.0,,12.59,,47.1,33.3,0.76,BOTTOM_CONT,22.0,35.0,5.0,62.0,GOOD
2025-W27,2025.06.30,XAUUSD,89,111,80.2,,36.13,,,29,0.0,,0.0,,20.96,,74.6,82.8,0.655,BOTTOM,28.0,25.0,13.3,66.3,GOOD
2025-W28,2025.07.07,XAUUSD,68,115,59.1,,27.08,,,30,0.0,,0.0,,17.07,,46.4,26.7,0.671,BOTTOM,22.0,25.0,5.6,52.6,WATCH
2025-W29,2025.07.14,XAUUSD,51,115,44.3,,26.86,,,30,0.0,,0.0,,22.5,,55.6,43.3,0.882,BOTTOM_TURN,25.0,28.0,8.1,61.1,GOOD
2025-W30,2025.07.21,XAUUSD,106,115,92.2,,33.69,,,30,0.0,,0.0,,19.97,,63.0,53.3,0.938,NORMAL_FLAT,33.0,32.0,11.3,76.3,OPTIMAL
2025-W31,2025.07.28,XAUUSD,59,115,51.3,,29.14,,,30,0.0,,0.0,,26.94,,63.6,50.0,1.175,HIGH_CONT,33.0,8.0,11.7,52.7,WATCH
2025-W32,2025.08.04,XAUUSD,40,115,34.8,,26.88,,,30,0.0,,0.0,,20.36,,53.7,43.3,1.042,NORMAL_FALL,25.0,15.0,7.0,47.0,WATCH
2025-W33,2025.08.11,XAUUSD,44,115,38.3,,28.47,,,30,0.0,,0.0,,16.08,,45.0,20.0,0.866,BOTTOM_CONT,22.0,35.0,6.0,63.0,GOOD
2025-W34,2025.08.18,XAUUSD,42,115,36.5,,26.23,,,30,0.0,,0.0,,10.98,,51.2,53.3,0.807,BOTTOM_CONT,33.0,35.0,4.0,72.0,GOOD
2025-W35,2025.08.25,XAUUSD,1,115,0.9,,21.07,,,30,0.0,,0.0,,11.59,,42.3,40.0,0.876,BOTTOM_CONT,25.0,35.0,0.7,60.7,GOOD
2025-W36,2025.09.01,XAUUSD,85,113,75.2,,29.04,,,30,0.0,,0.0,,27.63,,75.3,90.0,1.335,PEAK_CONT,28.0,18.0,11.9,57.9,WATCH
2025-W37,2025.09.08,XAUUSD,60,115,52.2,,27.06,,,30,0.0,,0.0,,42.62,,77.7,66.7,0.974,NORMAL_FALL,40.0,15.0,16.6,71.6,GOOD
2025-W38,2025.09.15,XAUUSD,19,115,16.5,,21.49,,,30,0.0,,0.0,,25.94,,46.7,20.0,1.349,PEAK_CONT,22.0,18.0,6.2,46.2,WATCH
2025-W39,2025.09.22,XAUUSD,68,115,59.1,,35.46,,,30,0.0,,0.0,,27.46,,70.4,50.0,1.393,PEAK_CONT,33.0,18.0,16.0,67.0,GOOD
2025-W40,2025.09.29,XAUUSD,102,115,88.7,,27.87,,,30,0.0,,0.0,,34.33,,77.3,80.0,1.218,HIGH_CONT,40.0,8.0,14.4,62.4,GOOD
2025-W41,2025.10.06,XAUUSD,95,115,82.6,,41.86,,,30,0.0,,0.0,,47.08,,91.6,70.0,1.809,PEAK_CONT,40.0,18.0,25.0,83.0,OPTIMAL
2025-W42,2025.10.13,XAUUSD,107,115,93.0,,37.4,,,30,0.0,,0.0,,54.01,,92.7,83.3,2.393,PEAK_CONT,28.0,18.0,23.3,69.3,GOOD
2025-W43,2025.10.20,XAUUSD,72,115,62.6,,25.87,,,30,0.0,,0.0,,36.73,,55.0,0.0,2.042,PEAK_FALL,10.0,12.0,14.2,36.3,CAUTION
2025-W44,2025.10.27,XAUUSD,53,115,46.1,,25.73,,,30,0.0,,0.0,,18.64,,49.2,36.7,1.329,PEAK_FALL,22.0,12.0,5.5,39.5,CAUTION
2025-W45,2025.11.03,XAUUSD,26,115,22.6,,21.28,,,30,0.0,,0.0,,10.76,,38.7,26.7,0.75,BOTTOM_CONT,22.0,35.0,0.8,57.8,WATCH
2025-W46,2025.11.10,XAUUSD,109,115,94.8,,35.62,,,30,0.0,,0.0,,30.3,,81.5,80.0,1.144,HIGH_CONT,40.0,8.0,17.5,65.5,GOOD
2025-W47,2025.11.17,XAUUSD,45,115,39.1,,29.22,,,30,0.0,,0.0,,17.79,,43.5,6.7,1.011,NORMAL_FALL,10.0,15.0,7.3,32.3,CAUTION
2025-W48,2025.11.24,XAUUSD,57,111,51.4,,29.52,,,30,0.0,,0.0,,18.16,,61.0,66.7,0.491,BOTTOM,40.0,25.0,7.7,72.7,GOOD
2025-W49,2025.12.01,XAUUSD,49,115,42.6,,26.29,,,30,0.0,,0.0,,19.7,,49.8,33.3,0.611,BOTTOM,22.0,25.0,6.3,53.3,WATCH
2025-W50,2025.12.08,XAUUSD,13,115,11.3,,30.11,,,30,0.0,,0.0,,12.42,,50.4,36.7,0.898,BOTTOM_TURN,22.0,28.0,6.6,56.6,WATCH
2025-W51,2025.12.15,XAUUSD,52,115,45.2,,28.89,,,30,0.0,,0.0,,24.37,,62.1,53.3,0.783,BOTTOM_CONT,33.0,35.0,10.3,78.3,OPTIMAL
2025-W52,2025.12.22,XAUUSD,83,89,93.3,,35.82,,,24,0.0,,0.0,,38.17,,88.4,79.2,1.086,NORMAL_RISE,40.0,5.0,21.4,66.4,GOOD
2026-W01,2025.12.29,XAUUSD,62,91,68.1,,26.75,,,26,0.0,,0.0,,26.1,,50.8,15.4,1.137,HIGH_CONT,10.0,8.0,9.7,27.7,CAUTION
2026-W02,2026.01.05,XAUUSD,83,115,72.2,,26.29,,,30,0.0,,0.0,,20.67,,55.3,50.0,0.978,NORMAL_FALL,33.0,15.0,6.8,54.8,WATCH
2026-W03,2026.01.12,XAUUSD,33,115,28.7,,24.45,,,30,0.0,,0.0,,30.8,,65.1,60.0,1.135,HIGH_CONT,40.0,8.0,10.5,58.5,WATCH
2026-W04,2026.01.19,XAUUSD,92,113,81.4,,35.79,,,30,0.0,,0.0,,27.14,,75.1,66.7,1.565,PEAK_CONT,40.0,18.0,16.1,74.1,GOOD
2026-W05,2026.01.26,XAUUSD,95,115,82.6,,33.1,,,30,0.0,,0.0,,44.4,,84.7,70.0,5.41,PEAK_CONT,40.0,18.0,20.5,78.5,OPTIMAL
2026-W06,2026.02.02,XAUUSD,97,115,84.3,,30.93,,,30,0.0,,0.0,,23.61,,50.4,6.7,3.058,PEAK_FALL,10.0,12.0,11.2,33.2,CAUTION
2026-W07,2026.02.09,XAUUSD,79,115,68.7,,26.58,,,30,0.0,,0.0,,16.61,,52.9,53.3,1.393,PEAK_FALL,33.0,12.0,5.0,50.0,WATCH
2026-W08,2026.02.16,XAUUSD,7,113,6.2,,21.65,,,30,0.0,,0.0,,17.6,,45.1,40.0,0.888,BOTTOM_CONT,25.0,35.0,2.3,62.3,GOOD
2026-W09,2026.02.23,XAUUSD,47,115,40.9,,29.48,,,30,0.0,,0.0,,20.54,,53.7,33.3,0.929,NORMAL_RISE,22.0,5.0,8.8,35.8,CAUTION
2026-W10,2026.03.02,XAUUSD,50,115,43.5,,29.12,,,30,0.0,,0.0,,16.49,,48.8,30.0,1.06,NORMAL_RISE,22.0,5.0,6.6,33.6,CAUTION
2026-W11,2026.03.09,XAUUSD,44,115,38.3,,25.01,,,30,0.0,,0.0,,13.9,,52.7,63.3,0.872,BOTTOM_CONT,40.0,35.0,3.3,78.3,OPTIMAL
2026-W12,2026.03.16,XAUUSD,75,115,65.2,,28.72,,,30,0.0,,0.0,,35.74,,82.2,90.0,1.483,PEAK_CONT,28.0,18.0,15.6,61.6,GOOD
2026-W13,2026.03.23,XAUUSD,43,115,37.4,,25.21,,,30,0.0,,0.0,,36.74,,64.6,36.7,1.122,HIGH_FALL,22.0,13.0,13.8,48.8,WATCH
2026-W14,2026.03.30,XAUUSD,49,92,53.3,,30.47,,,24,0.0,,0.0,,22.72,,58.9,41.7,1.218,HIGH_CONT,25.0,8.0,10.5,43.5,CAUTION
2026-W15,2026.04.06,XAUUSD,29,115,25.2,,24.03,,,30,0.0,,0.0,,17.72,,41.1,16.7,0.825,BOTTOM_CONT,10.0,35.0,3.9,48.9,WATCH
2026-W16,2026.04.13,XAUUSD,32,115,27.8,,26.33,,,30,0.0,,0.0,,19.29,,56.0,56.7,0.677,BOTTOM,33.0,25.0,6.2,64.2,GOOD
2026-W17,2026.04.20,XAUUSD,0,23,0.0,,0.0,,,6,0.0,,0.0,,20.34,,34.7,0.0,0.771,BOTTOM_TURN,10.0,28.0,2.6,40.6,CAUTION
