Week,WeekStart,Symbol,H1_Bars_Above20,H1_Total_Bars,H1_Pct_Above20,H1_Range_Pips,H1_AvgADX,H1_MaxADX,H4_Bars_Above20,H4_Total_Bars,H4_Pct_Above20,H4_Bars_Above30,H4_Pct_Above30,H4_Range_Pips,H4_AvgADX,H4_MaxADX
2023-W01,2023.01.02,XAUUSD,66,92,71.7,408.7,25.80,39.59,24,24,100.0,17,70.8,456.0,33.84,41.81
2023-W02,2023.01.09,XAUUSD,44,115,38.3,525.5,18.22,26.60,30,30,100.0,29,96.7,567.5,34.13,38.65
2023-W03,2023.01.16,XAUUSD,28,113,24.8,241.9,16.90,30.21,30,30,100.0,30,100.0,409.8,36.54,42.55
2023-W04,2023.01.23,XAUUSD,13,115,11.3,292.5,15.88,21.21,20,30,66.7,4,13.3,377.2,23.30,32.90
2023-W05,2023.01.30,XAUUSD,55,115,47.8,983.7,18.29,27.51,0,30,0.0,0,0.0,0.0,13.82,16.72
2023-W06,2023.02.06,XAUUSD,33,115,28.7,337.1,18.52,29.14,0,30,0.0,0,0.0,0.0,13.18,17.57
2023-W07,2023.02.13,XAUUSD,58,115,50.4,517.2,19.96,34.02,0,30,0.0,0,0.0,0.0,10.83,15.57
2023-W08,2023.02.20,XAUUSD,13,113,11.5,329.2,16.10,36.23,0,30,0.0,0,0.0,0.0,11.76,15.92
2023-W09,2023.02.27,XAUUSD,84,115,73.0,498.0,23.96,36.83,0,30,0.0,0,0.0,0.0,12.40,15.09
2023-W10,2023.03.06,XAUUSD,95,115,82.6,607.6,28.05,44.45,0,30,0.0,0,0.0,0.0,17.69,19.96
2023-W11,2023.03.13,XAUUSD,75,115,65.2,1162.6,26.87,54.47,30,30,100.0,7,23.3,1162.6,26.11,31.04
2023-W12,2023.03.20,XAUUSD,90,115,78.3,755.2,29.17,57.90,30,30,100.0,12,40.0,755.2,28.56,36.83
2023-W13,2023.03.27,XAUUSD,87,115,75.7,410.2,24.03,41.97,7,30,23.3,0,0.0,351.6,15.46,22.20
2023-W14,2023.04.03,XAUUSD,59,92,64.1,816.1,23.26,35.17,0,24,0.0,0,0.0,0.0,11.41,13.80
2023-W15,2023.04.10,XAUUSD,94,115,81.7,670.4,26.44,40.49,7,30,23.3,0,0.0,550.0,16.50,25.11
2023-W16,2023.04.17,XAUUSD,40,115,34.8,443.3,17.35,24.29,1,30,3.3,0,0.0,69.9,14.35,20.57
2023-W17,2023.04.24,XAUUSD,31,115,27.0,352.3,18.19,27.93,0,30,0.0,0,0.0,0.0,12.18,16.96
2023-W18,2023.05.01,XAUUSD,66,115,57.4,1023.4,20.95,27.80,0,30,0.0,0,0.0,0.0,11.25,16.83
2023-W19,2023.05.08,XAUUSD,8,115,7.0,106.0,13.80,26.30,0,30,0.0,0,0.0,0.0,13.70,15.70
2023-W20,2023.05.15,XAUUSD,71,115,61.7,451.1,26.57,42.25,10,30,33.3,0,0.0,322.5,16.84,27.24
2023-W21,2023.05.22,XAUUSD,50,115,43.5,485.0,19.70,32.22,30,30,100.0,0,0.0,485.0,24.59,27.07
2023-W22,2023.05.29,XAUUSD,2,112,1.8,31.7,12.61,24.39,18,30,60.0,0,0.0,427.4,20.98,25.21
2023-W23,2023.06.05,XAUUSD,40,115,34.8,283.1,19.99,45.40,4,30,13.3,0,0.0,95.1,18.63,20.79
2023-W24,2023.06.12,XAUUSD,19,115,16.5,355.0,17.18,29.55,0,30,0.0,0,0.0,0.0,11.29,14.41
2023-W25,2023.06.19,XAUUSD,54,112,48.2,274.7,20.58,44.93,10,30,33.3,1,3.3,272.3,17.30,30.14
2023-W26,2023.06.26,XAUUSD,29,115,25.2,308.1,17.17,29.23,16,30,53.3,0,0.0,403.7,20.95,27.32
2023-W27,2023.07.03,XAUUSD,19,113,16.8,205.7,15.92,37.47,8,30,26.7,0,0.0,209.7,17.24,24.61
2023-W28,2023.07.10,XAUUSD,77,115,67.0,442.5,26.31,42.80,17,30,56.7,11,36.7,302.5,24.91,38.21
2023-W29,2023.07.17,XAUUSD,29,115,25.2,238.5,17.61,36.74,30,30,100.0,15,50.0,417.1,28.95,35.44
2023-W30,2023.07.24,XAUUSD,14,115,12.2,113.0,15.60,26.81,7,30,23.3,0,0.0,146.5,15.41,21.74
2023-W31,2023.07.31,XAUUSD,43,115,37.4,310.4,20.02,35.51,0,30,0.0,0,0.0,0.0,14.83,18.65
2023-W32,2023.08.07,XAUUSD,39,115,33.9,183.3,18.35,31.27,11,30,36.7,0,0.0,190.1,18.71,23.27
2023-W33,2023.08.14,XAUUSD,73,115,63.5,266.0,25.30,44.91,12,30,40.0,0,0.0,214.0,18.54,22.86
2023-W34,2023.08.21,XAUUSD,79,115,68.7,342.5,24.66,40.97,12,30,40.0,0,0.0,195.9,18.84,26.05
2023-W35,2023.08.28,XAUUSD,54,115,47.0,342.0,21.61,38.33,30,30,100.0,0,0.0,401.9,25.29,28.83
2023-W36,2023.09.04,XAUUSD,49,112,43.8,216.5,19.78,33.15,30,30,100.0,0,0.0,310.0,25.04,28.63
2023-W37,2023.09.11,XAUUSD,75,115,65.2,296.7,22.06,33.60,9,30,30.0,0,0.0,293.8,19.16,23.03
2023-W38,2023.09.18,XAUUSD,60,115,52.2,222.2,20.93,32.27,23,30,76.7,0,0.0,332.6,22.71,27.20
2023-W39,2023.09.25,XAUUSD,77,115,67.0,640.0,29.55,55.24,18,30,60.0,13,43.3,577.8,28.85,46.64
2023-W40,2023.10.02,XAUUSD,69,115,60.0,337.9,28.16,54.14,30,30,100.0,30,100.0,385.9,53.21,60.84
2023-W41,2023.10.09,XAUUSD,58,115,50.4,700.0,28.52,66.77,25,30,83.3,5,16.7,865.7,25.42,37.31
2023-W42,2023.10.16,XAUUSD,115,115,100.0,889.8,46.40,66.72,30,30,100.0,16,53.3,889.8,31.52,43.41
2023-W43,2023.10.23,XAUUSD,22,115,19.1,201.0,17.32,40.68,30,30,100.0,27,90.0,558.5,35.53,43.60
2023-W44,2023.10.30,XAUUSD,10,115,8.7,200.1,15.59,22.41,9,30,30.0,0,0.0,162.0,17.68,28.72
2023-W45,2023.11.06,XAUUSD,87,115,75.7,485.1,32.02,56.04,19,30,63.3,12,40.0,380.1,24.90,40.88
2023-W46,2023.11.13,XAUUSD,60,115,52.2,617.4,22.42,43.56,30,30,100.0,15,50.0,617.4,32.17,42.71
2023-W47,2023.11.20,XAUUSD,37,109,33.9,387.4,18.35,24.83,30,30,100.0,0,0.0,421.2,21.85,25.83
2023-W48,2023.11.27,XAUUSD,93,115,80.9,747.9,29.76,44.65,30,30,100.0,25,83.3,747.9,33.58,38.97
2023-W49,2023.12.04,XAUUSD,53,115,46.1,1503.2,19.70,33.98,29,30,96.7,6,20.0,1503.2,24.83,34.11
2023-W50,2023.12.11,XAUUSD,63,115,54.8,720.1,20.36,32.86,3,30,10.0,0,0.0,138.2,16.90,20.53
2023-W51,2023.12.18,XAUUSD,39,115,33.9,474.5,19.24,34.12,2,30,6.7,0,0.0,195.2,14.83,22.90
2023-W52,2023.12.25,XAUUSD,45,87,51.7,339.2,21.24,33.51,23,23,100.0,2,8.7,339.2,27.02,30.83
2024-W01,2024.01.01,XAUUSD,12,92,13.0,181.6,15.85,26.77,4,24,16.7,0,0.0,165.4,15.13,20.68
2024-W02,2024.01.08,XAUUSD,60,115,52.2,486.3,23.09,44.52,0,30,0.0,0,0.0,0.0,10.16,16.52
2024-W03,2024.01.15,XAUUSD,103,113,91.2,567.8,28.71,39.68,20,30,66.7,0,0.0,567.8,20.70,24.93
2024-W04,2024.01.22,XAUUSD,15,115,13.0,130.2,16.16,33.47,0,30,0.0,0,0.0,0.0,15.75,19.07
2024-W05,2024.01.29,XAUUSD,50,115,43.5,308.7,18.89,28.43,22,30,73.3,9,30.0,376.5,24.85,31.75
2024-W06,2024.02.05,XAUUSD,11,115,9.6,135.3,12.84,24.12,6,30,20.0,0,0.0,274.0,16.38,26.69
2024-W07,2024.02.12,XAUUSD,32,115,27.8,200.9,17.84,33.00,24,30,80.0,4,13.3,459.3,23.70,31.49
2024-W08,2024.02.19,XAUUSD,57,113,50.4,237.2,21.16,34.96,0,30,0.0,0,0.0,0.0,15.23,20.00
2024-W09,2024.02.26,XAUUSD,19,115,16.5,106.7,15.75,30.59,0,30,0.0,0,0.0,0.0,10.15,18.96
2024-W10,2024.03.04,XAUUSD,99,115,86.1,975.9,29.31,43.02,30,30,100.0,22,73.3,1156.9,35.55,44.24
2024-W11,2024.03.11,XAUUSD,78,115,67.8,383.7,24.42,34.84,29,30,96.7,21,70.0,383.7,35.76,47.96
2024-W12,2024.03.18,XAUUSD,50,115,43.5,656.6,18.29,26.18,0,30,0.0,0,0.0,0.0,14.24,19.52
2024-W13,2024.03.25,XAUUSD,7,92,7.6,319.3,14.61,28.18,0,24,0.0,0,0.0,0.0,12.86,15.14
2024-W14,2024.04.01,XAUUSD,92,115,80.0,1017.9,31.99,48.02,28,30,93.3,13,43.3,1019.7,27.85,34.03
2024-W15,2024.04.08,XAUUSD,61,115,53.0,1121.8,24.39,43.50,27,30,90.0,0,0.0,1286.2,24.10,27.84
2024-W16,2024.04.15,XAUUSD,29,115,25.2,534.9,17.96,33.63,17,30,56.7,0,0.0,738.6,22.01,26.62
2024-W17,2024.04.22,XAUUSD,60,115,52.2,756.3,24.50,48.09,11,30,36.7,0,0.0,458.6,18.97,23.22
2024-W18,2024.04.29,XAUUSD,73,115,63.5,467.6,27.95,57.25,17,30,56.7,0,0.0,511.6,18.77,24.46
2024-W19,2024.05.06,XAUUSD,66,115,57.4,747.9,23.52,52.53,9,30,30.0,0,0.0,866.2,18.70,27.04
2024-W20,2024.05.13,XAUUSD,97,115,84.3,906.0,27.56,45.86,30,30,100.0,13,43.3,906.0,28.32,35.68
2024-W21,2024.05.20,XAUUSD,77,115,67.0,1246.5,26.53,52.02,30,30,100.0,26,86.7,1246.5,34.58,39.32
2024-W22,2024.05.27,XAUUSD,28,112,25.0,292.1,17.49,29.94,10,30,33.3,1,3.3,279.0,20.11,30.04
2024-W23,2024.06.03,XAUUSD,76,115,66.1,1009.5,22.76,41.43,2,30,6.7,0,0.0,197.0,17.97,20.32
2024-W24,2024.06.10,XAUUSD,33,115,28.7,478.0,16.67,31.63,0,30,0.0,0,0.0,0.0,11.06,16.36
2024-W25,2024.06.17,XAUUSD,44,112,39.3,621.3,19.17,33.89,0,30,0.0,0,0.0,0.0,12.70,18.67
2024-W26,2024.06.24,XAUUSD,58,115,50.4,444.7,20.15,32.95,0,30,0.0,0,0.0,0.0,14.01,16.40
2024-W27,2024.07.01,XAUUSD,56,112,50.0,707.2,20.74,30.32,12,30,40.0,0,0.0,424.8,19.50,27.40
2024-W28,2024.07.08,XAUUSD,78,115,67.8,617.7,28.74,49.41,26,30,86.7,4,13.3,750.7,25.15,31.78
2024-W29,2024.07.15,XAUUSD,91,115,79.1,898.9,28.86,53.13,30,30,100.0,17,56.7,898.9,31.35,39.31
2024-W30,2024.07.22,XAUUSD,77,115,67.0,782.2,27.15,51.49,13,30,43.3,0,0.0,282.6,20.02,28.27
2024-W31,2024.07.29,XAUUSD,92,115,80.0,1080.9,28.10,47.58,15,30,50.0,10,33.3,668.7,23.00,36.50
2024-W32,2024.08.05,XAUUSD,40,115,34.8,563.9,18.69,35.08,22,30,73.3,6,20.0,944.5,24.03,35.45
2024-W33,2024.08.12,XAUUSD,106,115,92.2,859.5,30.68,49.24,30,30,100.0,23,76.7,859.5,30.39,33.69
2024-W34,2024.08.19,XAUUSD,63,115,54.8,531.7,23.20,46.52,25,30,83.3,11,36.7,608.6,26.76,35.01
2024-W35,2024.08.26,XAUUSD,24,115,20.9,209.6,17.30,24.80,6,30,20.0,0,0.0,180.7,15.87,21.81
2024-W36,2024.09.02,XAUUSD,22,113,19.5,439.9,17.22,23.91,14,30,46.7,0,0.0,515.7,19.29,24.37
2024-W37,2024.09.09,XAUUSD,70,115,60.9,851.8,25.37,42.04,7,30,23.3,2,6.7,359.5,15.82,33.76
2024-W38,2024.09.16,XAUUSD,66,115,57.4,559.7,24.83,42.64,30,30,100.0,30,100.0,789.3,42.14,49.62
2024-W39,2024.09.23,XAUUSD,74,115,64.3,717.1,24.15,40.56,30,30,100.0,30,100.0,717.1,58.45,62.66
2024-W40,2024.09.30,XAUUSD,38,115,33.0,320.4,20.50,44.03,24,30,80.0,15,50.0,484.9,30.22,51.50
2024-W41,2024.10.07,XAUUSD,17,115,14.8,252.3,12.65,30.33,5,30,16.7,0,0.0,554.6,15.43,21.22
2024-W42,2024.10.14,XAUUSD,39,115,33.9,793.6,19.25,37.86,16,30,53.3,3,10.0,793.6,21.12,34.11
2024-W43,2024.10.21,XAUUSD,110,115,95.7,497.7,31.30,45.24,30,30,100.0,30,100.0,497.7,44.52,51.13
2024-W44,2024.10.28,XAUUSD,76,115,66.1,585.4,25.37,46.03,30,30,100.0,25,83.3,653.8,33.31,39.91
2024-W45,2024.11.04,XAUUSD,47,115,40.9,670.3,20.04,36.86,7,30,23.3,0,0.0,953.6,17.88,22.97
2024-W46,2024.11.11,XAUUSD,86,115,74.8,1384.8,27.02,40.70,26,30,86.7,20,66.7,988.5,29.98,35.87
2024-W47,2024.11.18,XAUUSD,99,115,86.1,1103.3,37.18,52.64,30,30,100.0,13,43.3,1524.3,30.81,41.48
2024-W48,2024.11.25,XAUUSD,43,109,39.4,1160.8,20.40,48.98,30,30,100.0,10,33.3,1160.8,28.39,42.23
2024-W49,2024.12.02,XAUUSD,8,115,7.0,243.6,12.60,23.87,0,30,0.0,0,0.0,0.0,16.36,19.91
2024-W50,2024.12.09,XAUUSD,73,115,63.5,799.7,24.77,44.50,14,30,46.7,0,0.0,586.3,19.04,26.05
2024-W51,2024.12.16,XAUUSD,48,115,41.7,811.3,19.74,32.74,18,30,60.0,0,0.0,787.6,21.77,26.82
2024-W52,2024.12.23,XAUUSD,20,89,22.5,299.6,18.24,26.69,3,24,12.5,0,0.0,159.2,17.17,21.40
2025-W01,2024.12.30,XAUUSD,31,90,34.4,691.8,18.26,33.57,6,24,25.0,0,0.0,286.3,16.41,24.35
2025-W02,2025.01.06,XAUUSD,54,115,47.0,726.7,19.57,25.45,18,30,60.0,6,20.0,726.7,23.52,36.36
2025-W03,2025.01.13,XAUUSD,80,115,69.6,679.9,26.63,45.49,30,30,100.0,21,70.0,679.9,32.47,37.61
2025-W04,2025.01.20,XAUUSD,69,113,61.1,965.7,24.49,43.21,30,30,100.0,28,93.3,965.7,34.64,41.62
2025-W05,2025.01.27,XAUUSD,90,115,78.3,866.6,26.38,43.32,22,30,73.3,3,10.0,866.6,22.99,34.43
2025-W06,2025.02.03,XAUUSD,90,115,78.3,1101.6,26.42,43.84,30,30,100.0,21,70.0,1146.3,34.26,42.07
2025-W07,2025.02.10,XAUUSD,94,115,81.7,784.6,27.94,46.39,30,30,100.0,29,96.7,882.8,36.18,42.73
2025-W08,2025.02.17,XAUUSD,62,113,54.9,760.2,21.07,34.88,30,30,100.0,0,0.0,760.2,24.59,28.35
2025-W09,2025.02.24,XAUUSD,37,115,32.2,624.6,18.89,35.23,16,30,53.3,1,3.3,1235.6,21.01,31.29
2025-W10,2025.03.03,XAUUSD,15,115,13.0,674.7,15.28,30.79,12,30,40.0,4,13.3,722.2,18.98,31.28
2025-W11,2025.03.10,XAUUSD,79,115,68.7,1246.0,23.46,38.69,8,30,26.7,2,6.7,550.5,16.00,31.78
2025-W12,2025.03.17,XAUUSD,78,115,67.8,742.9,26.29,50.80,30,30,100.0,30,100.0,751.8,44.00,51.44
2025-W13,2025.03.24,XAUUSD,34,115,29.6,532.8,18.46,37.20,18,30,60.0,4,13.3,843.6,23.25,34.30
2025-W14,2025.03.31,XAUUSD,78,115,67.8,1331.6,25.61,41.86,30,30,100.0,28,93.3,1525.0,41.48,48.42
2025-W15,2025.04.07,XAUUSD,88,115,76.5,2888.4,28.86,48.89,30,30,100.0,2,6.7,2888.4,25.68,31.59
2025-W16,2025.04.14,XAUUSD,73,92,79.3,1639.4,33.67,60.64,24,24,100.0,22,91.7,1639.4,34.41,41.84
2025-W17,2025.04.21,XAUUSD,84,115,73.0,2399.5,30.43,55.05,30,30,100.0,22,73.3,2399.5,37.39,48.65
2025-W18,2025.04.28,XAUUSD,42,115,36.5,745.0,20.57,44.54,1,30,3.3,0,0.0,379.5,15.66,20.56
2025-W19,2025.05.05,XAUUSD,96,115,83.5,1991.5,34.29,54.80,23,30,76.7,8,26.7,1634.3,24.83,31.71
2025-W20,2025.05.12,XAUUSD,63,115,54.8,1570.6,23.96,40.24,6,30,20.0,0,0.0,1716.1,18.03,22.91
2025-W21,2025.05.19,XAUUSD,108,115,93.9,1613.3,30.90,48.53,11,30,36.7,0,0.0,868.2,17.27,25.05
2025-W22,2025.05.26,XAUUSD,44,113,38.9,1112.9,18.60,27.93,9,30,30.0,0,0.0,642.3,17.03,24.91
2025-W23,2025.06.02,XAUUSD,30,115,26.1,590.2,18.38,42.03,0,30,0.0,0,0.0,0.0,12.72,15.18
2025-W24,2025.06.09,XAUUSD,43,115,37.4,1533.1,18.27,29.27,4,30,13.3,0,0.0,388.1,13.29,24.89
2025-W25,2025.06.16,XAUUSD,52,113,46.0,1120.4,17.08,26.16,11,30,36.7,0,0.0,862.2,18.65,27.99
2025-W26,2025.06.23,XAUUSD,43,115,37.4,972.7,20.86,34.22,0,30,0.0,0,0.0,0.0,12.59,16.76
2025-W27,2025.06.30,XAUUSD,89,111,80.2,1166.4,32.35,52.77,15,29,51.7,0,0.0,911.5,20.96,24.38
2025-W28,2025.07.07,XAUUSD,68,115,59.1,860.0,22.93,43.77,5,30,16.7,0,0.0,632.9,17.07,23.33
2025-W29,2025.07.14,XAUUSD,51,115,44.3,652.3,20.57,41.94,23,30,76.7,0,0.0,678.4,22.50,26.96
2025-W30,2025.07.21,XAUUSD,106,115,92.2,1139.0,32.45,55.94,14,30,46.7,0,0.0,1139.0,19.97,24.63
2025-W31,2025.07.28,XAUUSD,59,115,51.3,945.3,22.83,48.16,30,30,100.0,4,13.3,953.7,26.94,30.95
2025-W32,2025.08.04,XAUUSD,40,115,34.8,415.5,17.30,30.40,19,30,63.3,0,0.0,592.9,20.36,23.98
2025-W33,2025.08.11,XAUUSD,44,115,38.3,347.3,19.80,39.10,1,30,3.3,0,0.0,236.2,16.08,20.30
2025-W34,2025.08.18,XAUUSD,42,115,36.5,405.8,19.20,36.66,0,30,0.0,0,0.0,0.0,10.98,12.60
2025-W35,2025.08.25,XAUUSD,1,115,0.9,69.9,15.27,21.07,0,30,0.0,0,0.0,0.0,11.59,13.45
2025-W36,2025.09.01,XAUUSD,85,113,75.2,1589.2,26.05,41.02,22,30,73.3,16,53.3,1299.1,27.63,38.48
2025-W37,2025.09.08,XAUUSD,60,115,52.2,621.2,21.85,36.50,30,30,100.0,30,100.0,968.8,42.62,48.30
2025-W38,2025.09.15,XAUUSD,19,115,16.5,693.5,15.97,23.88,22,30,73.3,9,30.0,809.0,25.94,34.55
2025-W39,2025.09.22,XAUUSD,68,115,59.1,1055.1,26.95,51.27,27,30,90.0,11,36.7,789.8,27.46,35.46
2025-W40,2025.09.29,XAUUSD,102,115,88.7,1417.3,26.83,38.72,30,30,100.0,23,76.7,1417.3,34.33,39.81
2025-W41,2025.10.06,XAUUSD,95,115,82.6,1750.3,37.22,55.12,30,30,100.0,30,100.0,1750.3,47.08,53.55
2025-W42,2025.10.13,XAUUSD,107,115,93.0,3197.5,35.87,51.60,30,30,100.0,30,100.0,3837.8,54.01,62.46
2025-W43,2025.10.20,XAUUSD,72,115,62.6,3707.6,22.94,37.86,27,30,90.0,18,60.0,3768.9,36.73,56.79
2025-W44,2025.10.27,XAUUSD,53,115,46.1,1634.3,20.92,35.39,12,30,40.0,0,0.0,1436.7,18.64,21.69
2025-W45,2025.11.03,XAUUSD,26,115,22.6,900.5,15.78,23.66,0,30,0.0,0,0.0,0.0,10.76,13.28
2025-W46,2025.11.10,XAUUSD,109,115,94.8,2127.2,34.49,55.65,25,30,83.3,19,63.3,2127.2,30.30,38.25
2025-W47,2025.11.17,XAUUSD,45,115,39.1,1086.8,19.87,36.62,13,30,43.3,0,0.0,1086.8,17.79,26.02
2025-W48,2025.11.24,XAUUSD,57,111,51.4,1457.1,22.39,41.83,16,30,53.3,0,0.0,901.6,18.16,23.42
2025-W49,2025.12.01,XAUUSD,49,115,42.6,1009.5,19.67,33.47,13,30,43.3,0,0.0,1009.5,19.70,28.47
2025-W50,2025.12.08,XAUUSD,13,115,11.3,961.5,13.70,33.06,0,30,0.0,0,0.0,0.0,12.42,17.54
2025-W51,2025.12.15,XAUUSD,52,115,45.2,649.8,20.81,42.35,29,30,96.7,0,0.0,1031.6,24.37,28.14
2025-W52,2025.12.22,XAUUSD,83,89,93.3,1529.2,34.35,52.83,24,24,100.0,20,83.3,2118.4,38.17,43.00
2026-W01,2025.12.29,XAUUSD,62,91,68.1,2468.6,23.90,35.88,16,26,61.5,8,30.8,2752.0,26.10,42.09
2026-W02,2026.01.05,XAUUSD,83,115,72.2,1547.9,23.08,31.32,15,30,50.0,0,0.0,953.8,20.67,25.66
2026-W03,2026.01.12,XAUUSD,33,115,28.7,758.9,17.55,29.79,30,30,100.0,18,60.0,1302.5,30.80,37.59
2026-W04,2026.01.19,XAUUSD,92,113,81.4,3308.9,32.07,48.43,23,30,76.7,15,50.0,3702.3,27.14,37.86
2026-W05,2026.01.26,XAUUSD,95,115,82.6,9097.1,30.29,46.80,30,30,100.0,30,100.0,9097.1,44.40,50.36
2026-W06,2026.02.02,XAUUSD,97,115,84.3,6895.7,29.01,49.20,20,30,66.7,5,16.7,6895.7,23.61,36.55
2026-W07,2026.02.09,XAUUSD,79,115,68.7,2328.5,23.41,33.66,0,30,0.0,0,0.0,0.0,16.61,19.55
2026-W08,2026.02.16,XAUUSD,7,113,6.2,1299.8,15.53,23.07,8,30,26.7,0,0.0,1685.4,17.60,23.72
2026-W09,2026.02.23,XAUUSD,47,115,40.9,1892.7,19.52,39.66,18,30,60.0,0,0.0,1578.3,20.54,26.84
2026-W10,2026.03.02,XAUUSD,50,115,43.5,4228.8,21.47,38.90,8,30,26.7,0,0.0,4204.8,16.49,23.57
2026-W11,2026.03.09,XAUUSD,44,115,38.3,1820.5,17.22,31.15,3,30,10.0,0,0.0,1122.2,13.90,22.98
2026-W12,2026.03.16,XAUUSD,75,115,65.2,5530.7,24.28,42.91,30,30,100.0,26,86.7,5669.8,35.74,43.41
2026-W13,2026.03.23,XAUUSD,43,115,37.4,4382.1,19.02,34.52,30,30,100.0,26,86.7,5044.1,36.74,45.65
2026-W14,2026.03.30,XAUUSD,49,92,53.3,3021.0,23.41,40.98,16,24,66.7,0,0.0,3804.6,22.72,28.43
2026-W15,2026.04.06,XAUUSD,29,115,25.2,1414.6,17.02,28.28,8,30,26.7,0,0.0,1056.7,17.72,24.95
2026-W16,2026.04.13,XAUUSD,32,115,27.8,1188.5,16.42,32.13,17,30,56.7,0,0.0,1240.0,19.29,25.40
2026-W17,2026.04.20,XAUUSD,42,115,36.5,1633.5,19.48,30.38,8,30,26.7,0,0.0,959.1,17.05,21.05
2026-W18,2026.04.27,XAUUSD,1,23,4.3,43.2,15.13,20.39,0,7,0.0,0,0.0,0.0,16.53,17.51
2023-W01,2023.01.02,USDCAD,36,120,30.0,238.1,17.68,28.35,22,30,73.3,3,10.0,214.8,22.32,31.30
2023-W02,2023.01.09,USDCAD,33,120,27.5,69.3,17.43,36.37,0,30,0.0,0,0.0,0.0,14.29,19.03
2023-W03,2023.01.16,USDCAD,29,120,24.2,141.1,17.44,30.05,0,30,0.0,0,0.0,0.0,11.44,15.35
2023-W04,2023.01.23,USDCAD,37,120,30.8,117.1,17.17,28.32,0,30,0.0,0,0.0,0.0,13.77,16.37
2023-W05,2023.01.30,USDCAD,50,120,41.7,173.0,20.34,40.62,19,30,63.3,0,0.0,209.3,19.64,29.11
2023-W06,2023.02.06,USDCAD,53,120,44.2,115.4,21.84,35.41,30,30,100.0,24,80.0,137.8,35.28,41.34
2023-W07,2023.02.13,USDCAD,58,120,48.3,179.9,21.96,43.48,11,30,36.7,0,0.0,212.4,19.70,24.54
2023-W08,2023.02.20,USDCAD,74,120,61.7,224.1,22.71,32.81,30,30,100.0,1,3.3,225.9,24.28,30.35
2023-W09,2023.02.27,USDCAD,42,120,35.0,104.2,18.23,29.39,28,30,93.3,5,16.7,125.1,26.38,31.94
2023-W10,2023.03.06,USDCAD,63,120,52.5,197.3,20.50,35.35,17,30,56.7,10,33.3,117.0,22.90,32.32
2023-W11,2023.03.13,USDCAD,16,119,13.4,75.4,15.16,29.54,10,30,33.3,1,3.3,158.8,18.62,30.99
2023-W12,2023.03.20,USDCAD,0,119,0.0,0.0,13.20,18.14,0,30,0.0,0,0.0,0.0,11.09,13.67
2023-W13,2023.03.27,USDCAD,95,120,79.2,187.4,28.69,44.12,17,30,56.7,0,0.0,109.1,19.27,26.95
2023-W14,2023.04.03,USDCAD,31,120,25.8,108.6,16.47,27.26,30,30,100.0,19,63.3,130.7,31.30,37.85
2023-W15,2023.04.10,USDCAD,102,120,85.0,218.7,32.42,51.23,21,30,70.0,5,16.7,252.9,23.34,36.94
2023-W16,2023.04.17,USDCAD,75,120,62.5,221.1,24.51,51.06,30,30,100.0,14,46.7,221.1,30.64,38.82
2023-W17,2023.04.24,USDCAD,77,120,64.2,145.3,28.09,52.12,30,30,100.0,24,80.0,145.3,32.69,37.08
2023-W18,2023.05.01,USDCAD,45,120,37.5,251.9,22.53,56.16,6,30,20.0,0,0.0,212.1,18.41,24.00
2023-W19,2023.05.08,USDCAD,63,120,52.5,250.4,27.98,63.66,30,30,100.0,15,50.0,250.4,29.54,36.50
2023-W20,2023.05.15,USDCAD,60,120,50.0,163.7,20.99,34.63,7,30,23.3,0,0.0,112.5,16.90,26.06
2023-W21,2023.05.22,USDCAD,65,120,54.2,169.2,22.30,37.64,11,30,36.7,1,3.3,68.3,18.81,30.16
2023-W22,2023.05.29,USDCAD,63,120,52.5,244.8,20.95,35.01,8,30,26.7,0,0.0,194.2,18.16,28.38
2023-W23,2023.06.05,USDCAD,22,120,18.3,104.3,17.49,24.61,28,30,93.3,3,10.0,148.7,24.06,31.47
2023-W24,2023.06.12,USDCAD,3,120,2.5,9.5,14.38,20.76,30,30,100.0,5,16.7,206.3,28.21,32.01
2023-W25,2023.06.19,USDCAD,55,120,45.8,87.2,21.35,40.78,12,30,40.0,0,0.0,126.7,20.54,28.30
2023-W26,2023.06.26,USDCAD,104,120,86.7,168.7,32.11,55.36,18,30,60.0,0,0.0,168.7,21.53,27.16
2023-W27,2023.07.03,USDCAD,71,120,59.2,178.1,20.39,30.13,29,30,96.7,3,10.0,184.1,25.20,31.23
2023-W28,2023.07.10,USDCAD,93,120,77.5,197.0,27.03,40.82,30,30,100.0,8,26.7,211.5,28.18,36.76
2023-W29,2023.07.17,USDCAD,17,120,14.2,71.4,13.90,24.68,29,30,96.7,10,33.3,123.6,26.56,33.09
2023-W30,2023.07.24,USDCAD,43,120,35.8,91.3,18.24,26.53,2,30,6.7,0,0.0,47.8,16.24,20.61
2023-W31,2023.07.31,USDCAD,117,120,97.5,243.0,30.64,49.07,11,30,36.7,0,0.0,74.8,18.08,27.96
2023-W32,2023.08.07,USDCAD,59,120,49.2,146.1,20.46,34.18,30,30,100.0,14,46.7,146.1,30.91,35.46
2023-W33,2023.08.14,USDCAD,54,120,45.0,77.2,20.10,35.32,30,30,100.0,2,6.7,142.4,26.74,30.82
2023-W34,2023.08.21,USDCAD,32,120,26.7,131.8,19.23,34.13,15,30,50.0,4,13.3,133.6,21.33,31.92
2023-W35,2023.08.28,USDCAD,18,120,15.0,83.2,16.75,24.58,11,30,36.7,0,0.0,67.3,17.58,21.54
2023-W36,2023.09.04,USDCAD,42,120,35.0,106.0,17.88,25.93,13,30,43.3,0,0.0,86.6,17.85,24.82
2023-W37,2023.09.11,USDCAD,39,120,32.5,89.7,21.18,45.29,28,30,93.3,9,30.0,114.0,27.85,33.79
2023-W38,2023.09.18,USDCAD,73,120,60.8,149.3,22.10,40.44,30,30,100.0,28,93.3,153.7,36.14,43.19
2023-W39,2023.09.25,USDCAD,21,120,17.5,168.0,15.15,27.91,9,30,30.0,0,0.0,52.9,19.27,27.44
2023-W40,2023.10.02,USDCAD,60,120,50.0,205.3,24.30,45.07,23,30,76.7,10,33.3,141.7,25.81,34.76
2023-W41,2023.10.09,USDCAD,30,120,25.0,131.2,16.04,29.56,7,30,23.3,0,0.0,109.1,17.21,23.09
2023-W42,2023.10.16,USDCAD,48,120,40.0,135.8,18.75,34.84,4,30,13.3,0,0.0,52.0,16.23,20.67
2023-W43,2023.10.23,USDCAD,65,120,54.2,154.8,23.83,45.79,14,30,46.7,7,23.3,120.0,22.53,35.19
2023-W44,2023.10.30,USDCAD,52,119,43.7,238.9,20.83,34.38,30,30,100.0,7,23.3,248.8,27.81,35.25
2023-W45,2023.11.06,USDCAD,93,120,77.5,185.5,31.24,43.60,30,30,100.0,10,33.3,225.6,29.18,37.52
2023-W46,2023.11.13,USDCAD,43,120,35.8,182.3,17.37,25.29,3,30,10.0,0,0.0,35.3,16.48,21.47
2023-W47,2023.11.20,USDCAD,17,120,14.2,117.6,14.91,27.21,0,30,0.0,0,0.0,0.0,12.50,14.44
2023-W48,2023.11.27,USDCAD,71,120,59.2,172.9,22.23,32.48,20,30,66.7,0,0.0,139.6,20.79,27.14
2023-W49,2023.12.04,USDCAD,58,120,48.3,114.9,18.72,32.72,22,30,73.3,0,0.0,139.8,21.48,25.52
2023-W50,2023.12.11,USDCAD,52,120,43.3,223.4,22.40,39.93,9,30,30.0,2,6.7,254.2,19.49,33.00
2023-W51,2023.12.18,USDCAD,40,120,33.3,169.6,17.39,30.33,30,30,100.0,30,100.0,190.1,44.05,50.92
2023-W52,2023.12.25,USDCAD,75,90,83.3,88.3,28.09,40.13,23,23,100.0,23,100.0,88.3,47.66,52.12
2024-W01,2024.01.01,USDCAD,63,96,65.6,143.4,24.22,36.29,18,24,75.0,2,8.3,143.4,23.85,32.17
2024-W02,2024.01.08,USDCAD,24,120,20.0,68.2,15.11,24.64,0,30,0.0,0,0.0,0.0,15.51,18.51
2024-W03,2024.01.15,USDCAD,68,120,56.7,120.0,22.44,39.09,17,30,56.7,0,0.0,115.5,21.29,28.64
2024-W04,2024.01.22,USDCAD,31,120,25.8,71.6,16.57,25.43,3,30,10.0,0,0.0,23.6,15.03,22.85
2024-W05,2024.01.29,USDCAD,63,120,52.5,109.8,20.57,30.47,0,30,0.0,0,0.0,0.0,15.34,19.94
2024-W06,2024.02.05,USDCAD,77,120,64.2,96.5,24.17,39.87,11,30,36.7,0,0.0,89.3,18.57,24.95
2024-W07,2024.02.12,USDCAD,43,120,35.8,102.4,18.81,35.63,0,30,0.0,0,0.0,0.0,13.84,17.26
2024-W08,2024.02.19,USDCAD,43,120,35.8,67.0,18.50,29.19,0,30,0.0,0,0.0,0.0,15.91,19.60
2024-W09,2024.02.26,USDCAD,78,120,65.0,121.8,26.08,44.66,0,30,0.0,0,0.0,0.0,14.39,18.34
2024-W10,2024.03.04,USDCAD,111,120,92.5,185.5,29.40,48.06,6,30,20.0,0,0.0,78.2,16.04,23.92
2024-W11,2024.03.11,USDCAD,32,119,26.9,77.9,17.90,30.40,21,30,70.0,0,0.0,90.9,20.71,22.88
2024-W12,2024.03.18,USDCAD,43,119,36.1,158.4,19.92,39.16,8,30,26.7,0,0.0,150.5,18.83,24.36
2024-W13,2024.03.25,USDCAD,13,119,10.9,28.8,15.07,28.01,14,30,46.7,0,0.0,61.6,19.76,27.23
2024-W14,2024.04.01,USDCAD,42,120,35.0,169.8,18.60,35.64,0,30,0.0,0,0.0,0.0,12.80,16.15
2024-W15,2024.04.08,USDCAD,26,120,21.7,231.4,17.39,41.95,2,30,6.7,0,0.0,45.9,13.46,24.04
2024-W16,2024.04.15,USDCAD,42,120,35.0,88.8,18.22,42.20,28,30,93.3,10,33.3,121.1,27.32,33.08
2024-W17,2024.04.22,USDCAD,57,120,47.5,97.0,20.76,33.99,0,30,0.0,0,0.0,0.0,16.20,18.88
2024-W18,2024.04.29,USDCAD,115,120,95.8,174.9,35.69,53.73,5,30,16.7,0,0.0,173.4,16.02,22.17
2024-W19,2024.05.06,USDCAD,77,120,64.2,150.4,22.66,38.99,18,30,60.0,0,0.0,114.8,20.63,25.60
2024-W20,2024.05.13,USDCAD,40,120,33.3,80.5,19.65,33.07,12,30,40.0,0,0.0,71.0,19.99,25.72
2024-W21,2024.05.20,USDCAD,22,120,18.3,61.0,16.04,29.32,0,30,0.0,0,0.0,0.0,16.52,18.75
2024-W22,2024.05.27,USDCAD,117,120,97.5,120.2,32.79,49.26,15,30,50.0,0,0.0,120.2,19.76,24.66
2024-W23,2024.06.03,USDCAD,42,120,35.0,164.6,19.35,36.86,5,30,16.7,0,0.0,65.7,16.64,20.86
2024-W24,2024.06.10,USDCAD,61,120,50.8,108.1,20.41,36.17,12,30,40.0,0,0.0,111.6,19.35,24.47
2024-W25,2024.06.17,USDCAD,24,120,20.0,66.4,15.41,29.71,1,30,3.3,0,0.0,24.4,15.70,20.21
2024-W26,2024.06.24,USDCAD,63,120,52.5,92.6,21.05,34.02,10,30,33.3,0,0.0,73.0,18.21,25.39
2024-W27,2024.07.01,USDCAD,92,120,76.7,153.0,26.00,45.59,9,30,30.0,0,0.0,50.9,18.56,29.44
2024-W28,2024.07.08,USDCAD,14,120,11.7,19.2,14.31,26.07,20,30,66.7,0,0.0,40.2,21.58,27.30
2024-W29,2024.07.15,USDCAD,69,120,57.5,116.7,22.23,38.46,0,30,0.0,0,0.0,0.0,13.86,17.33
2024-W30,2024.07.22,USDCAD,106,120,88.3,143.6,30.44,40.74,27,30,90.0,19,63.3,112.4,32.34,40.81
2024-W31,2024.07.29,USDCAD,20,120,16.7,98.2,15.80,24.13,30,30,100.0,19,63.3,101.7,34.55,41.77
2024-W32,2024.08.05,USDCAD,65,120,54.2,225.9,20.84,30.84,17,30,56.7,0,0.0,228.8,20.14,23.82
2024-W33,2024.08.12,USDCAD,7,120,5.8,17.6,13.59,22.55,30,30,100.0,0,0.0,71.3,23.25,26.47
2024-W34,2024.08.19,USDCAD,112,120,93.3,186.1,33.86,45.11,30,30,100.0,18,60.0,186.1,33.32,43.92
2024-W35,2024.08.26,USDCAD,72,120,60.0,77.3,30.00,50.57,30,30,100.0,30,100.0,77.3,50.82,61.41
2024-W36,2024.09.02,USDCAD,10,120,8.3,105.9,13.09,23.57,29,30,96.7,9,30.0,116.8,27.75,35.88
2024-W37,2024.09.09,USDCAD,40,120,33.3,64.0,19.76,37.06,0,30,0.0,0,0.0,0.0,13.39,18.22
2024-W38,2024.09.16,USDCAD,12,120,10.0,58.8,12.84,22.98,0,30,0.0,0,0.0,0.0,9.12,11.06
2024-W39,2024.09.23,USDCAD,51,120,42.5,100.1,22.89,51.24,11,30,36.7,0,0.0,69.3,15.86,23.43
2024-W40,2024.09.30,USDCAD,49,120,40.8,88.2,20.36,35.12,3,30,10.0,0,0.0,40.4,13.67,24.56
2024-W41,2024.10.07,USDCAD,105,120,87.5,218.8,36.39,58.22,30,30,100.0,26,86.7,218.8,50.38,71.28
2024-W42,2024.10.14,USDCAD,67,120,55.8,91.7,22.83,41.58,30,30,100.0,30,100.0,91.7,61.41,73.09
2024-W43,2024.10.21,USDCAD,34,120,28.3,50.1,18.08,27.09,30,30,100.0,25,83.3,100.4,38.98,48.30
2024-W44,2024.10.28,USDCAD,6,119,5.0,20.8,14.01,23.16,28,30,93.3,0,0.0,68.7,23.69,26.71
2024-W45,2024.11.04,USDCAD,65,120,54.2,141.0,21.13,44.88,7,30,23.3,0,0.0,120.8,18.44,21.50
2024-W46,2024.11.11,USDCAD,79,120,65.8,200.9,22.48,36.17,21,30,70.0,5,16.7,180.5,22.80,32.52
2024-W47,2024.11.18,USDCAD,52,120,43.3,167.7,19.78,30.54,19,30,63.3,7,23.3,152.2,23.11,33.94
2024-W48,2024.11.25,USDCAD,39,120,32.5,65.3,16.61,29.65,0,30,0.0,0,0.0,0.0,14.27,16.30
2024-W49,2024.12.02,USDCAD,10,120,8.3,149.1,14.21,32.22,0,30,0.0,0,0.0,0.0,12.14,14.66
2024-W50,2024.12.09,USDCAD,70,120,58.3,152.0,23.24,42.58,6,30,20.0,0,0.0,74.1,17.95,20.96
2024-W51,2024.12.16,USDCAD,95,120,79.2,235.5,28.59,45.55,22,30,73.3,14,46.7,209.6,26.54,35.78
2024-W52,2024.12.23,USDCAD,33,96,34.4,84.5,18.57,30.69,15,24,62.5,0,0.0,88.3,21.39,26.51
2025-W01,2024.12.30,USDCAD,37,94,39.4,125.8,19.13,27.61,0,24,0.0,0,0.0,0.0,12.37,15.83
2025-W02,2025.01.06,USDCAD,71,120,59.2,170.8,23.46,39.49,0,30,0.0,0,0.0,0.0,14.04,17.53
2025-W03,2025.01.13,USDCAD,59,120,49.2,140.2,21.51,45.53,1,30,3.3,0,0.0,45.1,16.87,21.13
2025-W04,2025.01.20,USDCAD,24,120,20.0,224.3,18.26,47.27,5,30,16.7,0,0.0,224.3,17.05,22.65
2025-W05,2025.01.27,USDCAD,12,120,10.0,68.3,15.01,22.13,2,30,6.7,0,0.0,38.0,16.16,20.79
2025-W06,2025.02.03,USDCAD,72,120,60.0,306.0,20.80,29.14,3,30,10.0,0,0.0,58.2,16.81,20.75
2025-W07,2025.02.10,USDCAD,44,120,36.7,153.2,17.39,26.70,4,30,13.3,0,0.0,40.6,14.69,24.89
2025-W08,2025.02.17,USDCAD,39,120,32.5,79.3,17.30,25.73,9,30,30.0,0,0.0,49.3,18.76,26.06
2025-W09,2025.02.24,USDCAD,70,120,58.3,289.7,22.56,35.69,17,30,56.7,5,16.7,172.9,22.15,31.48
2025-W10,2025.03.03,USDCAD,9,120,7.5,111.3,15.18,27.77,12,30,40.0,0,0.0,173.9,19.55,29.83
2025-W11,2025.03.10,USDCAD,62,119,52.1,118.0,20.56,29.08,6,30,20.0,0,0.0,117.9,18.27,21.12
2025-W12,2025.03.17,USDCAD,107,119,89.9,139.5,28.38,49.90,12,30,40.0,0,0.0,104.3,20.18,23.01
2025-W13,2025.03.24,USDCAD,17,119,14.3,115.7,15.16,22.54,4,30,13.3,0,0.0,35.5,15.88,21.38
2025-W14,2025.03.31,USDCAD,63,120,52.5,387.6,19.85,33.65,0,30,0.0,0,0.0,0.0,13.85,17.59
2025-W15,2025.04.07,USDCAD,90,120,75.0,457.2,26.30,45.11,8,30,26.7,4,13.3,236.5,17.57,36.88
2025-W16,2025.04.14,USDCAD,58,120,48.3,102.0,20.77,34.27,30,30,100.0,27,90.0,149.7,37.51,44.38
2025-W17,2025.04.21,USDCAD,43,120,35.8,114.5,20.50,42.70,16,30,53.3,0,0.0,80.6,21.17,29.63
2025-W18,2025.04.28,USDCAD,52,120,43.3,111.2,18.47,26.65,0,30,0.0,0,0.0,0.0,9.89,11.75
2025-W19,2025.05.05,USDCAD,43,120,35.8,181.3,19.41,35.39,0,30,0.0,0,0.0,0.0,11.74,19.01
2025-W20,2025.05.12,USDCAD,79,120,65.8,117.0,21.78,31.89,11,30,36.7,0,0.0,97.0,18.21,23.42
2025-W21,2025.05.19,USDCAD,103,120,85.8,258.9,30.17,49.57,15,30,50.0,5,16.7,185.2,21.15,36.64
2025-W22,2025.05.26,USDCAD,95,120,79.2,175.5,29.78,48.47,24,30,80.0,13,43.3,175.5,29.76,42.31
2025-W23,2025.06.02,USDCAD,71,120,59.2,108.3,21.84,39.06,12,30,40.0,0,0.0,91.2,19.92,26.48
2025-W24,2025.06.09,USDCAD,52,120,43.3,162.7,18.38,31.57,18,30,60.0,0,0.0,162.7,21.34,25.75
2025-W25,2025.06.16,USDCAD,43,120,35.8,200.8,18.99,29.54,18,30,60.0,0,0.0,163.5,23.20,29.61
2025-W26,2025.06.23,USDCAD,89,120,74.2,180.5,23.64,37.37,12,30,40.0,0,0.0,119.6,20.32,25.95
2025-W27,2025.06.30,USDCAD,51,120,42.5,111.2,19.74,30.31,0,30,0.0,0,0.0,0.0,12.60,17.12
2025-W28,2025.07.07,USDCAD,42,120,35.0,79.3,18.63,27.93,17,30,56.7,0,0.0,83.3,20.80,26.24
2025-W29,2025.07.14,USDCAD,32,120,26.7,99.3,15.82,27.95,0,30,0.0,0,0.0,0.0,13.56,18.48
2025-W30,2025.07.21,USDCAD,113,120,94.2,159.1,31.97,51.83,17,30,56.7,0,0.0,150.4,20.04,26.65
2025-W31,2025.07.28,USDCAD,116,120,96.7,190.6,28.94,37.66,30,30,100.0,20,66.7,190.6,36.52,49.50
2025-W32,2025.08.04,USDCAD,34,120,28.3,52.3,16.98,26.98,30,30,100.0,13,43.3,88.9,30.84,45.95
2025-W33,2025.08.11,USDCAD,56,120,46.7,65.7,18.49,26.60,4,30,13.3,0,0.0,36.2,17.91,20.84
2025-W34,2025.08.18,USDCAD,52,120,43.3,110.2,20.40,31.58,8,30,26.7,0,0.0,110.2,17.56,29.56
2025-W35,2025.08.25,USDCAD,58,120,48.3,141.4,21.96,38.44,17,30,56.7,0,0.0,141.4,20.77,27.65
2025-W36,2025.09.01,USDCAD,66,120,55.0,126.6,25.55,54.49,15,30,50.0,0,0.0,126.6,20.90,29.18
2025-W37,2025.09.08,USDCAD,86,120,71.7,101.9,23.06,37.65,6,30,20.0,0,0.0,56.6,18.84,25.03
2025-W38,2025.09.15,USDCAD,94,120,78.3,98.7,26.91,47.27,12,30,40.0,0,0.0,60.6,20.52,26.55
2025-W39,2025.09.22,USDCAD,115,120,95.8,167.0,32.71,49.76,28,30,93.3,18,60.0,167.0,34.37,48.86
2025-W40,2025.09.29,USDCAD,27,120,22.5,67.8,16.96,28.91,29,30,96.7,13,43.3,89.9,30.66,48.51
2025-W41,2025.10.06,USDCAD,0,120,0.0,0.0,13.61,19.73,0,30,0.0,0,0.0,0.0,12.41,18.78
2025-W42,2025.10.13,USDCAD,41,120,34.2,54.5,19.33,39.58,18,30,60.0,0,0.0,44.9,18.15,22.45
2025-W43,2025.10.20,USDCAD,53,121,43.8,90.2,18.42,25.95,4,31,12.9,0,0.0,62.8,15.58,20.35
2025-W44,2025.10.27,USDCAD,60,119,50.4,147.4,21.01,35.17,0,30,0.0,0,0.0,0.0,14.72,19.49
2025-W45,2025.11.03,USDCAD,107,120,89.2,140.2,32.88,56.17,27,30,90.0,20,66.7,113.3,32.76,41.39
2025-W46,2025.11.10,USDCAD,63,120,52.5,54.6,23.44,45.76,11,30,36.7,1,3.3,54.6,19.19,30.82
2025-W47,2025.11.17,USDCAD,67,120,55.8,159.7,20.79,30.84,2,30,6.7,0,0.0,43.1,16.51,21.75
2025-W48,2025.11.24,USDCAD,81,120,67.5,187.1,22.21,30.49,30,30,100.0,3,10.0,187.1,24.48,30.76
2025-W49,2025.12.01,USDCAD,48,120,40.0,177.7,19.30,30.07,8,30,26.7,0,0.0,193.6,18.61,22.58
2025-W50,2025.12.08,USDCAD,74,120,61.7,106.2,23.52,44.35,30,30,100.0,23,76.7,118.5,32.22,35.59
2025-W51,2025.12.15,USDCAD,30,120,25.0,46.1,17.31,28.65,21,30,70.0,12,40.0,67.6,25.41,33.09
2025-W52,2025.12.22,USDCAD,69,96,71.9,108.3,27.11,38.71,16,24,66.7,9,37.5,100.6,25.58,37.26
2026-W01,2025.12.29,USDCAD,37,95,38.9,59.6,20.49,32.72,22,26,84.6,14,53.8,69.4,29.53,38.95
2026-W02,2026.01.05,USDCAD,115,120,95.8,174.6,30.58,46.86,28,30,93.3,16,53.3,174.6,30.70,42.26
2026-W03,2026.01.12,USDCAD,32,120,26.7,52.3,18.49,43.11,30,30,100.0,27,90.0,73.9,35.83,43.11
2026-W04,2026.01.19,USDCAD,67,120,55.8,204.1,24.10,41.13,30,30,100.0,7,23.3,223.4,27.94,34.97
2026-W05,2026.01.26,USDCAD,98,120,81.7,257.8,26.71,49.15,30,30,100.0,30,100.0,257.8,38.03,42.21
2026-W06,2026.02.02,USDCAD,34,120,28.3,93.2,17.63,31.68,30,30,100.0,4,13.3,120.8,25.27,33.30
2026-W07,2026.02.09,USDCAD,37,120,30.8,132.1,19.22,35.87,23,30,76.7,0,0.0,169.6,23.77,28.34
2026-W08,2026.02.16,USDCAD,47,120,39.2,73.0,19.06,30.09,11,30,36.7,0,0.0,47.1,17.73,25.22
2026-W09,2026.02.23,USDCAD,46,120,38.3,100.0,18.16,26.11,24,30,80.0,0,0.0,76.5,23.34,29.91
2026-W10,2026.03.02,USDCAD,75,121,62.0,192.5,21.21,33.39,10,31,32.3,0,0.0,78.5,18.11,22.01
2026-W11,2026.03.09,USDCAD,74,120,61.7,216.1,25.90,50.27,30,31,96.8,0,0.0,216.1,25.09,29.44
2026-W12,2026.03.16,USDCAD,28,120,23.3,70.9,17.58,48.29,31,31,100.0,10,32.3,95.2,27.56,34.65
2026-W13,2026.03.23,USDCAD,85,119,71.4,170.0,24.55,37.88,30,30,100.0,14,46.7,225.5,33.84,53.57
2026-W14,2026.03.30,USDCAD,112,120,93.3,97.6,25.85,33.85,30,30,100.0,30,100.0,97.6,59.52,70.22
2026-W15,2026.04.06,USDCAD,43,120,35.8,124.0,19.95,35.97,30,30,100.0,14,46.7,148.7,31.24,50.49
2026-W16,2026.04.13,USDCAD,101,120,84.2,166.3,32.05,50.77,24,30,80.0,10,33.3,142.0,27.78,39.56
2026-W17,2026.04.20,USDCAD,61,120,50.8,79.3,20.34,41.30,30,30,100.0,22,73.3,83.4,34.85,42.11
2026-W18,2026.04.27,USDCAD,18,25,72.0,69.8,24.53,31.74,7,7,100.0,0,0.0,83.9,20.83,21.57
2023-W01,2023.01.02,AUDUSD,35,120,29.2,198.5,17.89,29.75,1,30,3.3,0,0.0,31.0,14.50,20.35
2023-W02,2023.01.09,AUDUSD,28,120,23.3,65.2,16.11,34.69,0,30,0.0,0,0.0,0.0,13.07,17.72
2023-W03,2023.01.16,AUDUSD,16,120,13.3,191.4,15.20,24.83,0,30,0.0,0,0.0,0.0,9.84,11.66
2023-W04,2023.01.23,AUDUSD,0,120,0.0,0.0,13.22,18.21,22,30,73.3,4,13.3,149.5,23.77,30.67
2023-W05,2023.01.30,AUDUSD,61,120,50.8,238.5,21.27,40.98,17,30,56.7,0,0.0,201.2,21.39,28.92
2023-W06,2023.02.06,AUDUSD,64,120,53.3,155.7,23.20,41.64,19,30,63.3,0,0.0,140.7,21.53,28.69
2023-W07,2023.02.13,AUDUSD,92,120,76.7,218.1,27.60,42.20,3,30,10.0,0,0.0,72.9,14.38,20.87
2023-W08,2023.02.20,AUDUSD,84,120,70.0,201.9,25.00,39.14,18,30,60.0,7,23.3,163.0,23.61,35.45
2023-W09,2023.02.27,AUDUSD,36,120,30.0,68.6,18.37,32.07,30,30,100.0,16,53.3,88.6,31.05,38.12
2023-W10,2023.03.06,AUDUSD,44,120,36.7,179.1,20.60,38.68,22,30,73.3,7,23.3,154.4,25.52,31.89
2023-W11,2023.03.13,AUDUSD,25,119,21.0,134.7,16.25,28.57,4,30,13.3,0,0.0,80.1,15.85,24.29
2023-W12,2023.03.20,AUDUSD,50,119,42.0,130.4,19.15,28.79,0,30,0.0,0,0.0,0.0,13.32,16.03
2023-W13,2023.03.27,AUDUSD,30,120,25.0,77.2,16.83,25.29,0,30,0.0,0,0.0,0.0,14.09,16.70
2023-W14,2023.04.03,AUDUSD,66,120,55.0,140.2,21.54,32.30,0,30,0.0,0,0.0,0.0,15.81,19.57
2023-W15,2023.04.10,AUDUSD,57,120,47.5,152.4,21.45,40.02,8,30,26.7,0,0.0,111.1,18.63,28.82
2023-W16,2023.04.17,AUDUSD,23,120,19.2,69.7,16.99,31.49,17,30,56.7,0,0.0,66.3,20.35,27.14
2023-W17,2023.04.24,AUDUSD,60,120,50.0,114.1,20.29,30.39,17,30,56.7,0,0.0,68.6,20.25,25.84
2023-W18,2023.05.01,AUDUSD,20,120,16.7,112.7,16.06,30.65,0,30,0.0,0,0.0,0.0,14.46,17.85
2023-W19,2023.05.08,AUDUSD,53,120,44.2,168.6,19.73,38.04,4,30,13.3,0,0.0,33.8,15.28,20.65
2023-W20,2023.05.15,AUDUSD,39,120,32.5,68.1,18.28,26.42,0,30,0.0,0,0.0,0.0,13.12,16.11
2023-W21,2023.05.22,AUDUSD,72,120,60.0,124.8,27.86,50.66,13,30,43.3,8,26.7,55.7,20.31,36.52
2023-W22,2023.05.29,AUDUSD,44,120,36.7,122.7,19.67,33.69,26,30,86.7,2,6.7,180.3,22.77,32.62
2023-W23,2023.06.05,AUDUSD,48,120,40.0,168.4,18.30,31.59,10,30,33.3,0,0.0,156.5,19.01,25.69
2023-W24,2023.06.12,AUDUSD,50,120,41.7,161.8,19.68,29.25,30,30,100.0,15,50.0,168.7,30.12,33.89
2023-W25,2023.06.19,AUDUSD,30,120,25.0,145.5,17.72,33.57,15,30,50.0,1,3.3,216.2,20.64,31.55
2023-W26,2023.06.26,AUDUSD,78,120,65.0,125.9,25.48,47.83,30,30,100.0,3,10.0,125.9,26.44,31.14
2023-W27,2023.07.03,AUDUSD,29,120,24.2,67.4,16.23,27.63,3,30,10.0,0,0.0,38.3,17.14,22.78
2023-W28,2023.07.10,AUDUSD,86,120,71.7,271.4,28.05,50.47,9,30,30.0,0,0.0,64.7,18.73,28.64
2023-W29,2023.07.17,AUDUSD,52,120,43.3,118.7,19.96,35.23,7,30,23.3,0,0.0,53.6,17.42,26.47
2023-W30,2023.07.24,AUDUSD,52,120,43.3,149.5,21.01,39.08,2,30,6.7,0,0.0,31.2,17.52,21.90
2023-W31,2023.07.31,AUDUSD,99,120,82.5,225.4,28.29,41.50,19,30,63.3,0,0.0,204.3,21.47,26.12
2023-W32,2023.08.07,AUDUSD,33,120,27.5,120.2,17.74,33.65,0,30,0.0,0,0.0,0.0,16.53,19.69
2023-W33,2023.08.14,AUDUSD,51,120,42.5,116.1,19.25,35.68,11,30,36.7,0,0.0,86.1,18.43,25.17
2023-W34,2023.08.21,AUDUSD,30,120,25.0,61.3,15.48,33.21,11,30,36.7,0,0.0,70.6,19.25,25.47
2023-W35,2023.08.28,AUDUSD,32,120,26.7,85.6,16.21,26.35,0,30,0.0,0,0.0,0.0,11.97,15.81
2023-W36,2023.09.04,AUDUSD,46,120,38.3,47.5,19.09,38.00,14,30,46.7,0,0.0,52.6,18.06,24.75
2023-W37,2023.09.11,AUDUSD,19,120,15.8,33.9,14.12,28.49,3,30,10.0,0,0.0,69.6,13.84,21.73
2023-W38,2023.09.18,AUDUSD,28,120,23.3,126.0,17.18,32.92,0,30,0.0,0,0.0,0.0,11.55,15.84
2023-W39,2023.09.25,AUDUSD,71,120,59.2,169.5,23.36,37.37,10,30,33.3,0,0.0,169.5,16.76,24.39
2023-W40,2023.10.02,AUDUSD,68,120,56.7,159.7,27.73,53.93,14,30,46.7,0,0.0,92.5,20.40,25.99
2023-W41,2023.10.09,AUDUSD,41,120,34.2,146.6,17.89,32.96,0,30,0.0,0,0.0,0.0,16.12,18.75
2023-W42,2023.10.16,AUDUSD,106,120,88.3,97.3,26.49,39.17,0,30,0.0,0,0.0,0.0,16.24,19.00
2023-W43,2023.10.23,AUDUSD,65,120,54.2,108.8,22.18,38.28,0,30,0.0,0,0.0,0.0,14.05,16.59
2023-W44,2023.10.30,AUDUSD,63,119,52.9,183.6,25.24,42.36,5,30,16.7,0,0.0,92.3,16.35,24.39
2023-W45,2023.11.06,AUDUSD,119,120,99.2,184.1,30.14,45.27,30,30,100.0,0,0.0,184.1,23.60,27.71
2023-W46,2023.11.13,AUDUSD,37,120,30.8,191.1,18.31,30.83,15,30,50.0,0,0.0,191.1,20.28,28.10
2023-W47,2023.11.20,AUDUSD,28,120,23.3,45.1,17.13,22.60,28,30,93.3,0,0.0,69.6,23.41,29.01
2023-W48,2023.11.27,AUDUSD,44,120,36.7,80.3,18.18,28.35,25,30,83.3,2,6.7,109.7,24.80,30.76
2023-W49,2023.12.04,AUDUSD,71,120,59.2,96.2,24.80,48.35,17,30,56.7,0,0.0,165.0,20.04,23.42
2023-W50,2023.12.11,AUDUSD,1,120,0.8,12.0,14.51,20.04,9,30,30.0,0,0.0,178.5,18.16,22.75
2023-W51,2023.12.18,AUDUSD,53,120,44.2,87.5,18.84,28.98,30,30,100.0,20,66.7,134.8,30.81,35.61
2023-W52,2023.12.25,AUDUSD,20,90,22.2,46.9,17.07,25.25,23,23,100.0,23,100.0,89.8,33.26,36.70
2024-W01,2024.01.01,AUDUSD,78,96,81.3,140.2,26.50,36.11,24,24,100.0,0,0.0,199.0,26.43,29.20
2024-W02,2024.01.08,AUDUSD,17,120,14.2,57.3,16.65,26.49,16,30,53.3,0,0.0,57.5,19.95,25.69
2024-W03,2024.01.15,AUDUSD,68,120,56.7,142.8,23.72,38.64,21,30,70.0,12,40.0,93.5,26.01,35.72
2024-W04,2024.01.22,AUDUSD,2,120,1.7,22.8,13.00,21.07,4,30,13.3,0,0.0,32.7,14.69,24.19
2024-W05,2024.01.29,AUDUSD,37,120,30.8,119.1,17.67,27.11,0,30,0.0,0,0.0,0.0,11.23,12.53
2024-W06,2024.02.05,AUDUSD,54,120,45.0,71.6,20.19,39.64,0,30,0.0,0,0.0,0.0,10.79,13.75
2024-W07,2024.02.12,AUDUSD,98,120,81.7,72.5,30.40,43.04,4,30,13.3,0,0.0,48.2,14.72,22.30
2024-W08,2024.02.19,AUDUSD,70,120,58.3,73.7,22.75,35.27,17,30,56.7,0,0.0,57.5,20.22,25.15
2024-W09,2024.02.26,AUDUSD,53,120,44.2,68.7,21.48,39.80,8,30,26.7,0,0.0,44.1,17.16,22.61
2024-W10,2024.03.04,AUDUSD,100,120,83.3,190.9,32.51,53.35,8,30,26.7,2,6.7,66.3,19.05,31.99
2024-W11,2024.03.11,AUDUSD,48,119,40.3,79.6,19.53,34.50,30,30,100.0,8,26.7,86.8,28.27,32.73
2024-W12,2024.03.18,AUDUSD,72,119,60.5,130.4,21.91,37.16,27,30,90.0,0,0.0,130.4,22.07,24.75
2024-W13,2024.03.25,AUDUSD,5,119,4.2,33.8,13.89,24.33,4,30,13.3,0,0.0,34.7,16.59,22.52
2024-W14,2024.04.01,AUDUSD,66,120,55.0,138.3,22.52,42.20,9,30,30.0,0,0.0,69.8,16.47,26.20
2024-W15,2024.04.08,AUDUSD,80,120,66.7,188.5,22.67,34.98,28,30,93.3,0,0.0,188.5,22.34,27.78
2024-W16,2024.04.15,AUDUSD,47,120,39.2,131.1,18.53,34.68,29,30,96.7,16,53.3,131.1,28.14,33.97
2024-W17,2024.04.22,AUDUSD,42,120,35.0,77.2,18.55,30.86,14,30,46.7,3,10.0,140.2,21.30,33.20
2024-W18,2024.04.29,AUDUSD,116,120,96.7,182.1,28.78,43.35,24,30,80.0,0,0.0,182.1,22.78,26.57
2024-W19,2024.05.06,AUDUSD,70,120,58.3,86.0,22.11,32.73,23,30,76.7,11,36.7,86.0,26.42,34.59
2024-W20,2024.05.13,AUDUSD,24,120,20.0,112.5,16.25,28.12,3,30,10.0,0,0.0,35.7,15.17,20.51
2024-W21,2024.05.20,AUDUSD,18,120,15.0,82.9,15.15,25.51,0,30,0.0,0,0.0,0.0,12.41,16.95
2024-W22,2024.05.27,AUDUSD,77,120,64.2,89.0,24.01,39.38,3,30,10.0,0,0.0,39.1,15.95,20.79
2024-W23,2024.06.03,AUDUSD,29,120,24.2,120.2,17.81,24.71,5,30,16.7,0,0.0,67.8,16.63,22.35
2024-W24,2024.06.10,AUDUSD,40,120,33.3,130.5,19.57,37.00,0,30,0.0,0,0.0,0.0,9.99,12.40
2024-W25,2024.06.17,AUDUSD,63,120,52.5,94.1,22.33,36.62,12,30,40.0,0,0.0,47.7,18.38,24.04
2024-W26,2024.06.24,AUDUSD,15,120,12.5,63.8,15.30,23.91,0,30,0.0,0,0.0,0.0,13.84,18.95
2024-W27,2024.07.01,AUDUSD,73,120,60.8,88.2,23.95,41.45,10,30,33.3,4,13.3,42.5,16.15,31.98
2024-W28,2024.07.08,AUDUSD,18,120,15.0,67.4,15.15,23.06,24,30,80.0,7,23.3,74.7,25.00,32.06
2024-W29,2024.07.15,AUDUSD,80,120,66.7,67.9,25.47,44.74,16,30,53.3,0,0.0,108.5,19.95,25.00
2024-W30,2024.07.22,AUDUSD,120,120,100.0,188.6,46.12,61.84,30,30,100.0,23,76.7,188.6,41.12,55.06
2024-W31,2024.07.29,AUDUSD,34,120,28.3,76.3,17.03,26.98,29,30,96.7,18,60.0,88.8,33.01,46.03
2024-W32,2024.08.05,AUDUSD,51,120,42.5,207.5,18.56,26.33,0,30,0.0,0,0.0,0.0,14.24,19.10
2024-W33,2024.08.12,AUDUSD,23,120,19.2,108.8,15.92,24.36,0,30,0.0,0,0.0,0.0,14.99,19.39
2024-W34,2024.08.19,AUDUSD,119,120,99.2,145.2,33.01,49.84,28,30,93.3,23,76.7,121.1,33.14,41.22
2024-W35,2024.08.26,AUDUSD,21,120,17.5,53.7,15.73,30.48,30,30,100.0,7,23.3,72.7,29.42,34.28
2024-W36,2024.09.02,AUDUSD,34,120,28.3,66.4,16.92,31.31,17,30,56.7,0,0.0,109.3,19.45,26.53
2024-W37,2024.09.09,AUDUSD,44,120,36.7,84.4,18.01,38.44,0,30,0.0,0,0.0,0.0,10.88,14.48
2024-W38,2024.09.16,AUDUSD,27,120,22.5,96.8,17.30,29.36,17,30,56.7,5,16.7,101.7,21.79,30.32
2024-W39,2024.09.23,AUDUSD,58,120,48.3,90.8,20.68,36.05,30,30,100.0,0,0.0,142.8,23.49,27.02
2024-W40,2024.09.30,AUDUSD,16,120,13.3,69.7,14.87,25.01,22,30,73.3,0,0.0,157.4,22.33,27.06
2024-W41,2024.10.07,AUDUSD,47,120,39.2,78.4,20.05,29.29,30,30,100.0,28,93.3,110.2,39.08,45.73
2024-W42,2024.10.14,AUDUSD,78,120,65.0,79.3,25.96,37.10,30,30,100.0,8,26.7,86.7,28.97,33.76
2024-W43,2024.10.21,AUDUSD,61,120,50.8,92.7,21.86,35.97,1,30,3.3,0,0.0,17.8,17.63,20.16
2024-W44,2024.10.28,AUDUSD,44,119,37.0,74.0,18.63,30.23,29,30,96.7,13,43.3,73.4,27.99,32.59
2024-W45,2024.11.04,AUDUSD,60,120,50.0,175.5,20.46,38.62,6,30,20.0,0,0.0,84.5,18.21,24.98
2024-W46,2024.11.11,AUDUSD,103,120,85.8,157.7,24.25,38.58,17,30,56.7,5,16.7,105.3,22.26,31.97
2024-W47,2024.11.18,AUDUSD,59,120,49.2,62.2,19.09,27.34,8,30,26.7,0,0.0,76.1,16.85,27.46
2024-W48,2024.11.25,AUDUSD,0,120,0.0,0.0,12.47,19.83,0,30,0.0,0,0.0,0.0,13.11,17.26
2024-W49,2024.12.02,AUDUSD,35,120,29.2,111.4,17.24,26.38,0,30,0.0,0,0.0,0.0,14.03,17.88
2024-W50,2024.12.09,AUDUSD,94,120,78.3,135.1,23.92,33.09,13,30,43.3,0,0.0,92.7,18.66,22.84
2024-W51,2024.12.16,AUDUSD,76,120,63.3,159.8,23.49,39.86,17,30,56.7,1,3.3,132.1,22.74,30.40
2024-W52,2024.12.23,AUDUSD,9,96,9.4,21.3,15.32,23.31,24,24,100.0,0,0.0,64.6,23.93,27.52
2025-W01,2024.12.30,AUDUSD,7,94,7.4,47.6,14.79,23.54,21,24,87.5,0,0.0,71.8,23.01,27.13
2025-W02,2025.01.06,AUDUSD,84,120,70.0,162.9,23.49,34.60,7,30,23.3,0,0.0,148.9,18.70,23.13
2025-W03,2025.01.13,AUDUSD,61,120,50.8,115.7,21.02,35.76,20,30,66.7,0,0.0,114.8,21.18,25.35
2025-W04,2025.01.20,AUDUSD,6,120,5.0,27.7,12.97,23.21,0,30,0.0,0,0.0,0.0,13.14,16.21
2025-W05,2025.01.27,AUDUSD,42,120,35.0,71.0,16.50,27.99,17,30,56.7,0,0.0,63.9,20.57,29.31
2025-W06,2025.02.03,AUDUSD,52,120,43.3,126.6,18.90,28.66,6,30,20.0,0,0.0,150.0,18.04,24.11
2025-W07,2025.02.10,AUDUSD,26,120,21.7,93.6,16.24,27.73,0,30,0.0,0,0.0,0.0,9.98,13.03
2025-W08,2025.02.17,AUDUSD,56,120,46.7,74.1,19.31,28.44,0,30,0.0,0,0.0,0.0,13.37,17.99
2025-W09,2025.02.24,AUDUSD,83,120,69.2,184.0,24.31,42.31,11,30,36.7,5,16.7,117.5,19.67,39.07
2025-W10,2025.03.03,AUDUSD,60,120,50.0,177.1,20.72,31.03,27,30,90.0,12,40.0,177.1,28.20,40.26
2025-W11,2025.03.10,AUDUSD,80,119,67.2,75.2,21.35,29.77,0,30,0.0,0,0.0,0.0,14.23,16.27
2025-W12,2025.03.17,AUDUSD,67,119,56.3,119.8,23.70,42.65,12,30,40.0,0,0.0,69.5,19.66,25.47
2025-W13,2025.03.24,AUDUSD,7,119,5.9,31.4,14.89,21.35,0,30,0.0,0,0.0,0.0,12.91,18.93
2025-W14,2025.03.31,AUDUSD,59,120,49.2,402.7,21.49,51.09,0,30,0.0,0,0.0,0.0,14.10,17.60
2025-W15,2025.04.07,AUDUSD,108,120,90.0,387.3,28.85,54.37,0,30,0.0,0,0.0,0.0,15.12,19.96
2025-W16,2025.04.14,AUDUSD,51,120,42.5,108.2,22.56,45.73,30,30,100.0,18,60.0,119.0,29.98,34.64
2025-W17,2025.04.21,AUDUSD,22,120,18.3,93.9,16.35,24.18,18,30,60.0,7,23.3,90.0,23.49,31.98
2025-W18,2025.04.28,AUDUSD,0,120,0.0,0.0,13.86,19.31,0,30,0.0,0,0.0,0.0,12.03,15.11
2025-W19,2025.05.05,AUDUSD,52,120,43.3,140.4,19.45,32.71,0,30,0.0,0,0.0,0.0,17.32,19.86
2025-W20,2025.05.12,AUDUSD,65,120,54.2,110.5,22.28,36.13,0,30,0.0,0,0.0,0.0,14.12,17.55
2025-W21,2025.05.19,AUDUSD,45,120,37.5,107.7,19.34,30.54,0,30,0.0,0,0.0,0.0,13.10,18.29
2025-W22,2025.05.26,AUDUSD,57,120,47.5,112.0,20.29,32.54,10,30,33.3,0,0.0,95.3,18.51,25.21
2025-W23,2025.06.02,AUDUSD,36,120,30.0,71.0,17.56,28.69,0,30,0.0,0,0.0,0.0,14.46,16.95
2025-W24,2025.06.09,AUDUSD,9,120,7.5,28.0,12.78,24.66,0,30,0.0,0,0.0,0.0,14.18,16.51
2025-W25,2025.06.16,AUDUSD,18,120,15.0,106.3,17.40,24.71,0,30,0.0,0,0.0,0.0,10.86,12.63
2025-W26,2025.06.23,AUDUSD,62,120,51.7,191.5,20.37,27.91,0,30,0.0,0,0.0,0.0,15.06,19.58
2025-W27,2025.06.30,AUDUSD,20,120,16.7,36.5,15.31,25.09,0,30,0.0,0,0.0,0.0,15.51,18.94
2025-W28,2025.07.07,AUDUSD,71,120,59.2,109.5,22.07,37.81,7,30,23.3,0,0.0,73.0,18.65,21.45
2025-W29,2025.07.14,AUDUSD,26,120,21.7,86.7,16.75,30.58,0,30,0.0,0,0.0,0.0,13.04,17.22
2025-W30,2025.07.21,AUDUSD,72,120,60.0,123.0,25.13,44.88,15,30,50.0,5,16.7,74.1,21.45,31.76
2025-W31,2025.07.28,AUDUSD,66,120,55.0,167.0,20.26,31.30,12,30,40.0,0,0.0,167.0,18.59,24.06
2025-W32,2025.08.04,AUDUSD,33,120,27.5,54.1,16.61,26.64,5,30,16.7,0,0.0,73.2,16.66,21.48
2025-W33,2025.08.11,AUDUSD,9,120,7.5,20.9,13.20,21.05,9,30,30.0,0,0.0,38.7,18.77,22.91
2025-W34,2025.08.18,AUDUSD,67,120,55.8,82.9,21.53,35.82,16,30,53.3,10,33.3,87.0,22.90,38.66
2025-W35,2025.08.25,AUDUSD,46,120,38.3,65.2,18.63,30.06,19,30,63.3,9,30.0,53.0,24.84,36.56
2025-W36,2025.09.01,AUDUSD,62,120,51.7,105.6,19.11,32.04,0,30,0.0,0,0.0,0.0,16.94,18.84
2025-W37,2025.09.08,AUDUSD,75,120,62.5,122.8,22.75,33.81,26,30,86.7,4,13.3,92.6,25.48,31.07
2025-W38,2025.09.15,AUDUSD,41,120,34.2,74.1,17.09,29.58,10,30,33.3,0,0.0,101.7,18.45,21.49
2025-W39,2025.09.22,AUDUSD,51,120,42.5,76.6,19.96,34.01,30,30,100.0,0,0.0,107.4,25.38,28.82
2025-W40,2025.09.29,AUDUSD,42,120,35.0,85.2,16.03,24.66,5,30,16.7,0,0.0,36.9,16.54,25.29
2025-W41,2025.10.06,AUDUSD,35,120,29.2,55.6,17.68,33.54,0,30,0.0,0,0.0,0.0,10.77,13.62
2025-W42,2025.10.13,AUDUSD,45,120,37.5,82.9,19.66,39.22,0,30,0.0,0,0.0,0.0,12.94,17.53
2025-W43,2025.10.20,AUDUSD,0,121,0.0,0.0,14.63,19.74,0,31,0.0,0,0.0,0.0,11.09,16.35
2025-W44,2025.10.27,AUDUSD,53,119,44.5,57.6,18.97,26.27,24,30,80.0,9,30.0,84.8,25.30,33.52
2025-W45,2025.11.03,AUDUSD,46,120,38.3,84.5,20.78,43.87,25,30,83.3,0,0.0,103.7,25.13,29.48
2025-W46,2025.11.10,AUDUSD,54,120,45.0,47.9,20.97,38.53,9,30,30.0,0,0.0,51.0,17.20,25.12
2025-W47,2025.11.17,AUDUSD,54,120,45.0,86.3,22.03,34.67,16,30,53.3,0,0.0,81.6,19.76,25.66
2025-W48,2025.11.24,AUDUSD,50,120,41.7,43.6,18.05,32.10,23,30,76.7,0,0.0,122.8,22.83,28.21
2025-W49,2025.12.01,AUDUSD,85,120,70.8,114.6,24.26,39.17,30,30,100.0,21,70.0,115.3,36.00,49.58
2025-W50,2025.12.08,AUDUSD,21,120,17.5,34.8,15.99,38.00,30,30,100.0,28,93.3,78.2,38.04,50.31
2025-W51,2025.12.15,AUDUSD,29,120,24.2,36.4,15.68,25.03,6,30,20.0,0,0.0,24.5,18.15,26.44
2025-W52,2025.12.22,AUDUSD,72,96,75.0,92.4,35.13,52.01,19,24,79.2,15,62.5,73.2,31.69,44.56
2026-W01,2025.12.29,AUDUSD,30,95,31.6,67.8,19.58,33.28,26,26,100.0,13,50.0,67.8,31.89,44.16
2026-W02,2026.01.05,AUDUSD,39,120,32.5,40.7,18.68,33.95,9,30,30.0,0,0.0,55.8,17.69,24.43
2026-W03,2026.01.12,AUDUSD,15,120,12.5,47.9,15.87,23.33,6,30,20.0,0,0.0,47.9,15.08,25.07
2026-W04,2026.01.19,AUDUSD,61,120,50.8,193.5,22.86,41.14,13,30,43.3,8,26.7,144.8,21.80,46.20
2026-W05,2026.01.26,AUDUSD,96,120,80.0,187.9,29.08,49.69,30,30,100.0,30,100.0,192.5,56.14,61.57
2026-W06,2026.02.02,AUDUSD,53,120,44.2,142.0,18.82,31.31,17,30,56.7,6,20.0,142.0,24.32,40.29
2026-W07,2026.02.09,AUDUSD,55,120,45.8,93.3,20.56,40.50,27,30,90.0,4,13.3,133.5,25.77,30.53
2026-W08,2026.02.16,AUDUSD,19,120,15.8,61.3,16.75,23.16,13,30,43.3,0,0.0,79.2,19.97,24.92
2026-W09,2026.02.23,AUDUSD,20,120,16.7,63.0,15.82,27.81,1,30,3.3,0,0.0,41.4,15.05,20.89
2026-W10,2026.03.02,AUDUSD,5,121,4.1,40.9,14.41,21.14,0,31,0.0,0,0.0,0.0,12.59,14.72
2026-W11,2026.03.09,AUDUSD,75,120,62.5,208.5,24.38,39.11,9,31,29.0,0,0.0,208.5,17.41,22.20
2026-W12,2026.03.16,AUDUSD,66,120,55.0,137.6,21.52,36.41,5,31,16.1,0,0.0,137.6,17.42,21.67
2026-W13,2026.03.23,AUDUSD,87,119,73.1,198.2,24.08,40.06,23,30,76.7,7,23.3,150.5,24.42,35.18
2026-W14,2026.03.30,AUDUSD,18,120,15.0,112.7,16.39,25.07,30,30,100.0,16,53.3,130.0,31.22,40.27
2026-W15,2026.04.06,AUDUSD,65,120,54.2,218.7,21.67,34.94,8,30,26.7,0,0.0,61.9,18.67,24.37
2026-W16,2026.04.13,AUDUSD,69,120,57.5,120.1,22.82,34.60,15,30,50.0,0,0.0,92.2,20.52,28.47
2026-W17,2026.04.20,AUDUSD,42,120,35.0,71.7,17.92,32.99,17,30,56.7,0,0.0,72.2,20.92,27.11
2026-W18,2026.04.27,AUDUSD,9,25,36.0,33.3,19.43,21.71,0,7,0.0,0,0.0,0.0,14.01,14.95
2023-W01,2023.01.02,USDJPY,77,120,64.2,526.8,22.09,33.54,30,30,100.0,14,46.7,526.8,28.95,34.85
2023-W02,2023.01.09,USDJPY,41,120,34.2,482.7,22.00,42.97,6,30,20.0,0,0.0,482.7,17.23,28.14
2023-W03,2023.01.16,USDJPY,41,120,34.2,339.5,19.97,42.38,15,30,50.0,3,10.0,436.0,21.84,30.59
2023-W04,2023.01.23,USDJPY,53,120,44.2,208.8,20.06,34.01,0,30,0.0,0,0.0,0.0,13.18,17.04
2023-W05,2023.01.30,USDJPY,4,120,3.3,38.8,13.85,21.46,0,30,0.0,0,0.0,0.0,12.31,19.65
2023-W06,2023.02.06,USDJPY,67,120,55.8,250.3,21.70,33.94,7,30,23.3,0,0.0,243.5,16.31,22.93
2023-W07,2023.02.13,USDJPY,70,120,58.3,361.3,21.79,34.82,0,30,0.0,0,0.0,0.0,14.48,17.83
2023-W08,2023.02.20,USDJPY,43,120,35.8,231.1,19.30,36.67,20,30,66.7,0,0.0,246.7,20.92,23.85
2023-W09,2023.02.27,USDJPY,59,120,49.2,135.5,22.28,36.96,29,30,96.7,0,0.0,184.2,23.42,25.72
2023-W10,2023.03.06,USDJPY,70,120,58.3,254.4,23.16,34.67,0,30,0.0,0,0.0,0.0,15.88,19.08
2023-W11,2023.03.13,USDJPY,7,119,5.9,93.4,14.99,27.91,1,30,3.3,0,0.0,56.0,16.68,20.58
2023-W12,2023.03.20,USDJPY,94,119,79.0,335.9,23.34,31.00,20,30,66.7,0,0.0,335.9,22.18,27.64
2023-W13,2023.03.27,USDJPY,63,120,52.5,318.7,21.03,32.94,13,30,43.3,0,0.0,313.4,18.84,24.85
2023-W14,2023.04.03,USDJPY,1,120,0.8,39.2,14.96,20.16,14,30,46.7,0,0.0,245.2,19.89,27.83
2023-W15,2023.04.10,USDJPY,23,120,19.2,131.3,16.07,26.13,0,30,0.0,0,0.0,0.0,15.71,18.24
2023-W16,2023.04.17,USDJPY,82,120,68.3,141.8,23.18,32.28,0,30,0.0,0,0.0,0.0,14.17,16.50
2023-W17,2023.04.24,USDJPY,28,120,23.3,308.2,17.09,25.11,16,30,53.3,0,0.0,354.6,19.75,25.51
2023-W18,2023.05.01,USDJPY,105,120,87.5,427.4,30.08,43.15,30,30,100.0,7,23.3,427.4,27.09,34.21
2023-W19,2023.05.08,USDJPY,6,120,5.0,49.4,14.55,26.84,10,30,33.3,2,6.7,69.0,18.56,31.30
2023-W20,2023.05.15,USDJPY,109,120,90.8,312.6,32.12,47.17,28,30,93.3,13,43.3,309.1,28.50,39.74
2023-W21,2023.05.22,USDJPY,25,120,20.8,273.2,17.00,25.00,30,30,100.0,30,100.0,323.4,32.65,35.28
2023-W22,2023.05.29,USDJPY,27,120,22.5,231.6,16.68,27.33,12,30,40.0,4,13.3,136.4,20.05,31.87
2023-W23,2023.06.05,USDJPY,87,120,72.5,169.7,24.09,36.55,0,30,0.0,0,0.0,0.0,14.56,17.78
2023-W24,2023.06.12,USDJPY,29,120,24.2,165.1,15.90,28.53,0,30,0.0,0,0.0,0.0,12.05,14.13
2023-W25,2023.06.19,USDJPY,41,120,34.2,219.0,19.45,35.09,5,30,16.7,0,0.0,121.5,13.51,25.26
2023-W26,2023.06.26,USDJPY,55,120,45.8,213.3,19.32,28.80,30,30,100.0,0,0.0,213.3,24.18,29.59
2023-W27,2023.07.03,USDJPY,42,120,35.0,258.7,17.09,43.40,22,30,73.3,0,0.0,284.8,22.95,29.69
2023-W28,2023.07.10,USDJPY,120,120,100.0,576.3,39.47,59.09,30,30,100.0,21,70.0,576.3,36.60,46.56
2023-W29,2023.07.17,USDJPY,73,120,60.8,420.1,21.24,31.16,24,30,80.0,15,50.0,282.6,29.42,41.85
2023-W30,2023.07.24,USDJPY,5,120,4.2,41.8,13.33,22.81,0,30,0.0,0,0.0,0.0,14.17,17.59
2023-W31,2023.07.31,USDJPY,81,120,67.5,314.2,25.55,44.86,24,30,80.0,4,13.3,233.9,24.53,31.20
2023-W32,2023.08.07,USDJPY,45,120,37.5,205.8,18.74,28.42,11,30,36.7,0,0.0,348.7,19.56,26.68
2023-W33,2023.08.14,USDJPY,51,120,42.5,163.4,19.58,33.71,30,30,100.0,17,56.7,191.0,29.86,33.84
2023-W34,2023.08.21,USDJPY,84,120,70.0,209.5,22.02,28.22,4,30,13.3,0,0.0,125.7,17.38,22.35
2023-W35,2023.08.28,USDJPY,45,120,37.5,202.6,18.70,26.88,20,30,66.7,0,0.0,181.5,21.11,24.53
2023-W36,2023.09.04,USDJPY,49,120,40.8,148.7,21.20,47.70,11,30,36.7,0,0.0,85.7,18.02,23.13
2023-W37,2023.09.11,USDJPY,43,120,35.8,97.2,18.17,24.88,13,30,43.3,0,0.0,93.5,18.17,26.16
2023-W38,2023.09.18,USDJPY,12,120,10.0,45.5,16.93,22.74,16,30,53.3,0,0.0,65.7,20.42,26.47
2023-W39,2023.09.25,USDJPY,90,120,75.0,154.2,28.77,46.54,24,30,80.0,15,50.0,118.1,27.38,34.78
2023-W40,2023.10.02,USDJPY,11,120,9.2,62.9,13.78,32.78,21,30,70.0,11,36.7,288.4,25.83,34.04
2023-W41,2023.10.09,USDJPY,55,120,45.8,166.7,20.20,30.69,0,30,0.0,0,0.0,0.0,14.69,17.38
2023-W42,2023.10.16,USDJPY,14,120,11.7,28.2,13.61,23.03,0,30,0.0,0,0.0,0.0,10.87,12.72
2023-W43,2023.10.23,USDJPY,57,120,47.5,131.9,21.47,42.21,0,30,0.0,0,0.0,0.0,12.47,16.75
2023-W44,2023.10.30,USDJPY,94,119,79.0,254.4,27.76,45.82,0,30,0.0,0,0.0,0.0,17.44,19.68
2023-W45,2023.11.06,USDJPY,105,120,87.5,227.0,32.74,44.95,20,30,66.7,9,30.0,132.7,25.39,38.68
2023-W46,2023.11.13,USDJPY,64,120,53.3,241.2,21.92,34.38,30,30,100.0,17,56.7,271.3,32.67,44.93
2023-W47,2023.11.20,USDJPY,86,120,71.7,283.7,21.84,30.96,21,30,70.0,0,0.0,283.7,22.53,29.98
2023-W48,2023.11.27,USDJPY,51,120,42.5,217.6,18.50,29.09,20,30,66.7,0,0.0,217.6,21.61,27.62
2023-W49,2023.12.04,USDJPY,35,120,29.2,505.1,19.82,43.49,14,30,46.7,0,0.0,563.9,21.11,29.79
2023-W50,2023.12.11,USDJPY,98,120,81.7,565.4,29.01,45.10,30,30,100.0,1,3.3,565.4,24.73,30.15
2023-W51,2023.12.18,USDJPY,42,120,35.0,142.6,18.23,25.60,13,30,43.3,0,0.0,291.3,19.48,28.58
2023-W52,2023.12.25,USDJPY,48,90,53.3,166.2,23.02,47.06,0,23,0.0,0,0.0,0.0,16.50,19.99
2024-W01,2024.01.01,USDJPY,60,96,62.5,517.0,24.53,37.18,14,24,58.3,8,33.3,316.8,25.87,41.30
2024-W02,2024.01.08,USDJPY,61,120,50.8,232.2,19.86,31.38,30,30,100.0,29,96.7,299.2,35.44,41.67
2024-W03,2024.01.15,USDJPY,80,120,66.7,326.4,24.41,36.76,30,30,100.0,24,80.0,397.8,39.80,49.07
2024-W04,2024.01.22,USDJPY,38,120,31.7,204.6,17.04,31.60,23,30,76.7,13,43.3,204.6,28.28,42.53
2024-W05,2024.01.29,USDJPY,35,120,29.2,147.5,17.63,30.28,14,30,46.7,0,0.0,269.0,20.32,26.71
2024-W06,2024.02.05,USDJPY,71,120,59.2,186.1,22.88,36.37,18,30,60.0,0,0.0,172.5,20.51,25.59
2024-W07,2024.02.12,USDJPY,63,120,52.5,194.9,21.60,35.79,18,30,60.0,0,0.0,195.6,20.84,25.17
2024-W08,2024.02.19,USDJPY,42,120,35.0,108.5,18.40,25.62,0,30,0.0,0,0.0,0.0,12.80,14.42
2024-W09,2024.02.26,USDJPY,65,120,54.2,163.1,20.87,29.85,0,30,0.0,0,0.0,0.0,12.59,14.49
2024-W10,2024.03.04,USDJPY,85,120,70.8,407.4,35.04,57.55,12,30,40.0,7,23.3,287.9,20.10,40.37
2024-W11,2024.03.11,USDJPY,27,119,22.7,109.8,19.11,35.83,30,30,100.0,25,83.3,267.6,39.43,49.38
2024-W12,2024.03.18,USDJPY,91,119,76.5,295.5,25.60,44.05,30,30,100.0,18,60.0,295.5,31.62,38.07
2024-W13,2024.03.25,USDJPY,0,119,0.0,0.0,10.60,16.11,13,30,43.3,3,10.0,92.1,21.39,32.92
2024-W14,2024.04.01,USDJPY,52,120,43.3,114.0,18.51,25.56,5,30,16.7,0,0.0,33.6,17.75,21.35
2024-W15,2024.04.08,USDJPY,81,120,67.5,166.7,23.06,36.77,10,30,33.3,0,0.0,79.6,18.44,25.33
2024-W16,2024.04.15,USDJPY,73,120,60.8,133.5,24.32,37.07,30,30,100.0,13,43.3,182.9,29.49,37.66
2024-W17,2024.04.22,USDJPY,63,120,52.5,377.2,22.08,43.07,10,30,33.3,2,6.7,346.8,19.57,33.89
2024-W18,2024.04.29,USDJPY,120,120,100.0,845.2,34.07,45.38,30,30,100.0,30,100.0,845.2,38.09,46.10
2024-W19,2024.05.06,USDJPY,73,120,60.8,317.1,23.78,42.80,30,30,100.0,1,3.3,317.1,25.65,31.15
2024-W20,2024.05.13,USDJPY,73,120,60.8,317.6,24.27,50.40,30,30,100.0,2,6.7,317.6,25.15,30.85
2024-W21,2024.05.20,USDJPY,45,120,37.5,123.9,18.76,33.05,30,30,100.0,5,16.7,170.1,24.91,31.31
2024-W22,2024.05.27,USDJPY,46,120,38.3,133.7,18.75,28.13,9,30,30.0,0,0.0,35.3,18.73,28.66
2024-W23,2024.06.03,USDJPY,60,120,50.0,194.1,21.93,36.78,0,30,0.0,0,0.0,0.0,15.79,19.65
2024-W24,2024.06.10,USDJPY,87,120,72.5,253.5,24.14,37.27,0,30,0.0,0,0.0,0.0,15.09,17.49
2024-W25,2024.06.17,USDJPY,76,120,63.3,267.1,25.53,43.33,8,30,26.7,0,0.0,214.7,18.56,27.45
2024-W26,2024.06.24,USDJPY,56,120,46.7,212.5,22.74,48.46,30,30,100.0,20,66.7,254.5,31.13,36.28
2024-W27,2024.07.01,USDJPY,29,120,24.2,142.5,17.47,29.18,30,30,100.0,20,66.7,164.6,32.41,39.70
2024-W28,2024.07.08,USDJPY,27,120,22.5,401.7,16.70,27.48,5,30,16.7,0,0.0,154.2,18.19,20.76
2024-W29,2024.07.15,USDJPY,68,120,56.7,348.4,23.94,43.68,4,30,13.3,0,0.0,143.8,17.96,21.29
2024-W30,2024.07.22,USDJPY,61,120,50.8,469.7,21.50,35.28,18,30,60.0,12,40.0,405.1,24.82,36.00
2024-W31,2024.07.29,USDJPY,34,120,28.3,860.7,17.50,28.68,30,30,100.0,5,16.7,880.4,25.27,33.79
2024-W32,2024.08.05,USDJPY,51,120,42.5,587.3,23.26,50.26,25,30,83.3,5,16.7,623.0,25.08,31.18
2024-W33,2024.08.12,USDJPY,37,120,30.8,220.3,16.68,27.87,0,30,0.0,0,0.0,0.0,13.33,16.77
2024-W34,2024.08.19,USDJPY,47,120,39.2,359.7,20.33,34.20,11,30,36.7,0,0.0,244.1,18.08,22.91
2024-W35,2024.08.26,USDJPY,40,120,33.3,280.6,17.61,33.34,5,30,16.7,0,0.0,121.2,16.50,21.38
2024-W36,2024.09.02,USDJPY,120,120,100.0,544.2,40.29,57.46,20,30,66.7,3,10.0,544.2,22.85,31.26
2024-W37,2024.09.09,USDJPY,74,120,61.7,351.3,22.31,37.03,25,30,83.3,3,10.0,351.3,23.83,31.99
2024-W38,2024.09.16,USDJPY,34,120,28.3,288.3,17.50,33.30,16,30,53.3,3,10.0,288.3,21.25,30.40
2024-W39,2024.09.23,USDJPY,49,120,40.8,399.9,18.69,25.64,5,30,16.7,0,0.0,442.9,13.66,21.19
2024-W40,2024.09.30,USDJPY,56,120,46.7,370.9,21.16,42.37,23,30,76.7,11,36.7,603.8,25.70,34.69
2024-W41,2024.10.07,USDJPY,26,120,21.7,122.0,16.19,31.12,14,30,46.7,3,10.0,220.2,21.68,32.32
2024-W42,2024.10.14,USDJPY,44,120,36.7,113.9,19.94,39.61,18,30,60.0,0,0.0,113.9,21.20,29.06
2024-W43,2024.10.21,USDJPY,105,120,87.5,410.4,28.72,48.47,17,30,56.7,0,0.0,176.2,21.47,29.69
2024-W44,2024.10.28,USDJPY,15,119,12.6,209.3,16.58,24.73,7,30,23.3,0,0.0,147.3,16.45,24.02
2024-W45,2024.11.04,USDJPY,58,120,48.3,257.2,19.25,29.01,1,30,3.3,0,0.0,38.5,12.62,20.21
2024-W46,2024.11.11,USDJPY,106,120,88.3,344.4,26.70,33.17,14,30,46.7,2,6.7,410.4,21.15,30.43
2024-W47,2024.11.18,USDJPY,50,120,41.7,261.0,19.34,34.63,7,30,23.3,0,0.0,152.0,17.74,25.79
2024-W48,2024.11.25,USDJPY,67,120,55.8,377.6,23.91,45.86,19,30,63.3,14,46.7,403.1,27.09,43.34
2024-W49,2024.12.02,USDJPY,49,120,40.8,174.9,19.89,38.85,23,30,76.7,16,53.3,258.4,29.80,43.09
2024-W50,2024.12.09,USDJPY,67,120,55.8,310.5,22.89,39.76,0,30,0.0,0,0.0,0.0,16.42,19.63
2024-W51,2024.12.16,USDJPY,37,120,30.8,449.8,19.74,36.63,27,30,90.0,4,13.3,476.7,24.13,31.53
2024-W52,2024.12.23,USDJPY,68,96,70.8,119.4,23.47,37.37,24,24,100.0,12,50.0,174.4,30.76,35.47
2025-W01,2024.12.30,USDJPY,26,94,27.7,147.2,17.67,28.24,13,24,54.2,3,12.5,204.6,21.44,31.53
2025-W02,2025.01.06,USDJPY,3,120,2.5,86.0,15.88,20.73,0,30,0.0,0,0.0,0.0,12.41,14.68
2025-W03,2025.01.13,USDJPY,34,120,28.3,202.3,17.22,36.59,12,30,40.0,6,20.0,155.1,20.02,32.46
2025-W04,2025.01.20,USDJPY,8,120,6.7,90.6,14.87,21.93,10,30,33.3,0,0.0,181.3,18.43,28.13
2025-W05,2025.01.27,USDJPY,50,120,41.7,218.9,17.59,26.02,0,30,0.0,0,0.0,0.0,10.80,13.65
2025-W06,2025.02.03,USDJPY,75,120,62.5,445.1,24.30,41.47,13,30,43.3,6,20.0,196.4,19.83,31.98
2025-W07,2025.02.10,USDJPY,53,120,44.2,241.8,20.65,33.62,23,30,76.7,2,6.7,357.5,22.92,30.95
2025-W08,2025.02.17,USDJPY,53,120,44.2,329.7,20.89,40.68,30,30,100.0,0,0.0,358.9,24.49,29.81
2025-W09,2025.02.24,USDJPY,19,120,15.8,214.4,13.83,25.99,21,30,70.0,4,13.3,174.3,23.65,31.51
2025-W10,2025.03.03,USDJPY,83,120,69.2,435.8,22.13,29.13,1,30,3.3,0,0.0,78.3,15.30,20.16
2025-W11,2025.03.10,USDJPY,70,119,58.8,265.2,21.89,31.53,12,30,40.0,0,0.0,161.3,19.10,24.30
2025-W12,2025.03.17,USDJPY,54,119,45.4,187.1,20.30,29.63,24,30,80.0,0,0.0,196.7,23.55,28.11
2025-W13,2025.03.24,USDJPY,88,119,73.9,171.3,24.11,39.84,30,30,100.0,0,0.0,184.0,26.14,29.34
2025-W14,2025.03.31,USDJPY,71,120,59.2,571.7,25.16,44.54,15,30,50.0,0,0.0,571.7,20.67,28.42
2025-W15,2025.04.07,USDJPY,90,120,75.0,622.6,28.11,43.76,30,30,100.0,8,26.7,622.6,28.39,38.50
2025-W16,2025.04.14,USDJPY,41,120,34.2,244.7,17.93,31.21,30,30,100.0,30,100.0,246.9,37.93,40.83
2025-W17,2025.04.21,USDJPY,77,120,64.2,414.5,26.93,50.02,30,30,100.0,20,66.7,414.5,36.46,49.22
2025-W18,2025.04.28,USDJPY,74,120,61.7,394.6,26.23,50.22,15,30,50.0,0,0.0,394.6,20.24,27.58
2025-W19,2025.05.05,USDJPY,84,120,70.0,383.4,24.32,37.58,5,30,16.7,0,0.0,145.2,18.08,24.35
2025-W20,2025.05.12,USDJPY,92,120,76.7,373.0,25.62,35.86,18,30,60.0,0,0.0,373.0,21.52,27.70
2025-W21,2025.05.19,USDJPY,86,120,71.7,309.1,24.43,36.43,30,30,100.0,3,10.0,309.1,27.34,30.77
2025-W22,2025.05.26,USDJPY,83,120,69.2,405.5,21.51,30.59,13,30,43.3,0,0.0,234.7,20.70,28.46
2025-W23,2025.06.02,USDJPY,83,120,69.2,271.3,25.43,50.55,8,30,26.7,0,0.0,173.2,17.91,22.71
2025-W24,2025.06.09,USDJPY,67,120,55.8,267.2,23.31,49.60,22,30,73.3,0,0.0,267.2,20.96,23.36
2025-W25,2025.06.16,USDJPY,31,120,25.8,227.7,17.00,26.97,0,30,0.0,0,0.0,0.0,13.33,19.58
2025-W26,2025.06.23,USDJPY,97,120,80.8,427.4,28.33,43.40,6,30,20.0,0,0.0,308.4,16.97,23.60
2025-W27,2025.06.30,USDJPY,43,120,35.8,190.1,19.05,37.08,0,30,0.0,0,0.0,0.0,14.28,17.94
2025-W28,2025.07.07,USDJPY,80,120,66.7,312.7,27.60,48.03,12,30,40.0,0,0.0,173.0,19.19,25.33
2025-W29,2025.07.14,USDJPY,103,120,85.8,233.4,25.49,37.30,24,30,80.0,0,0.0,227.5,23.88,28.57
2025-W30,2025.07.21,USDJPY,66,120,55.0,205.5,21.00,31.89,1,30,3.3,0,0.0,78.9,18.22,20.70
2025-W31,2025.07.28,USDJPY,62,120,51.7,362.9,20.46,35.73,27,30,90.0,0,0.0,362.9,22.63,25.43
2025-W32,2025.08.04,USDJPY,47,120,39.2,147.2,19.43,41.50,2,30,6.7,0,0.0,86.0,14.81,21.73
2025-W33,2025.08.11,USDJPY,67,120,55.8,230.6,21.44,33.27,0,30,0.0,0,0.0,0.0,11.80,13.60
2025-W34,2025.08.18,USDJPY,53,120,44.2,220.5,19.83,31.31,0,30,0.0,0,0.0,0.0,11.64,16.70
2025-W35,2025.08.25,USDJPY,23,120,19.2,139.9,17.07,25.34,6,30,20.0,0,0.0,119.8,17.74,20.75
2025-W36,2025.09.01,USDJPY,74,120,61.7,231.5,23.41,37.70,16,30,53.3,0,0.0,231.5,18.24,24.38
2025-W37,2025.09.08,USDJPY,19,120,15.8,188.6,16.63,27.10,9,30,30.0,0,0.0,133.8,18.73,21.89
2025-W38,2025.09.15,USDJPY,66,120,55.0,280.0,19.75,30.94,0,30,0.0,0,0.0,0.0,16.09,18.63
2025-W39,2025.09.22,USDJPY,75,120,62.5,221.6,26.31,43.92,9,30,30.0,0,0.0,127.5,18.91,29.28
2025-W40,2025.09.29,USDJPY,91,120,75.8,293.8,26.16,38.70,29,30,96.7,0,0.0,293.8,23.57,28.22
2025-W41,2025.10.06,USDJPY,90,120,75.0,348.0,29.53,49.96,24,30,80.0,18,60.0,305.3,33.03,45.51
2025-W42,2025.10.13,USDJPY,87,120,72.5,307.1,23.91,36.09,30,30,100.0,5,16.7,323.2,25.16,35.73
2025-W43,2025.10.20,USDJPY,46,121,38.0,199.0,18.84,27.33,11,31,35.5,0,0.0,276.0,17.82,23.79
2025-W44,2025.10.27,USDJPY,49,119,41.2,290.5,18.91,32.66,17,30,56.7,0,0.0,171.7,20.44,25.28
2025-W45,2025.11.03,USDJPY,32,120,26.7,82.2,19.30,37.85,0,30,0.0,0,0.0,0.0,15.37,19.74
2025-W46,2025.11.10,USDJPY,53,120,44.2,163.7,18.93,27.56,12,30,40.0,0,0.0,91.8,18.45,24.70
2025-W47,2025.11.17,USDJPY,71,120,59.2,308.1,23.77,42.07,20,30,66.7,8,26.7,284.0,24.24,34.74
2025-W48,2025.11.24,USDJPY,64,120,53.3,138.3,20.56,30.21,13,30,43.3,0,0.0,138.6,19.69,28.45
2025-W49,2025.12.01,USDJPY,103,120,85.8,167.0,28.97,44.23,0,30,0.0,0,0.0,0.0,16.25,19.85
2025-W50,2025.12.08,USDJPY,96,120,80.0,205.2,27.29,44.66,6,30,20.0,0,0.0,71.0,17.38,21.72
2025-W51,2025.12.15,USDJPY,82,120,68.3,336.9,22.79,40.81,0,30,0.0,0,0.0,0.0,14.96,19.23
2025-W52,2025.12.22,USDJPY,67,96,69.8,214.9,26.13,41.58,7,24,29.2,0,0.0,128.2,18.05,22.37
2026-W01,2025.12.29,USDJPY,24,95,25.3,124.8,17.19,25.05,0,26,0.0,0,0.0,0.0,13.21,15.65
2026-W02,2026.01.05,USDJPY,18,120,15.0,207.6,14.38,33.88,1,30,3.3,0,0.0,23.4,10.82,20.81
2026-W03,2026.01.12,USDJPY,58,120,48.3,193.9,20.73,33.55,30,30,100.0,20,66.7,193.9,32.41,40.65
2026-W04,2026.01.19,USDJPY,19,120,15.8,188.5,14.59,25.30,11,30,36.7,0,0.0,188.5,19.05,25.26
2026-W05,2026.01.26,USDJPY,53,120,44.2,318.5,20.55,35.17,22,30,73.3,0,0.0,278.5,21.34,24.55
2026-W06,2026.02.02,USDJPY,81,120,67.5,278.8,26.15,39.17,29,30,96.7,14,46.7,278.8,29.69,38.60
2026-W07,2026.02.09,USDJPY,56,120,46.7,373.8,20.21,34.96,30,30,100.0,13,43.3,539.1,29.62,38.04
2026-W08,2026.02.16,USDJPY,17,120,14.2,100.0,14.82,25.31,14,30,46.7,0,0.0,302.4,20.49,29.60
2026-W09,2026.02.23,USDJPY,0,120,0.0,0.0,14.13,18.99,25,30,83.3,1,3.3,282.4,25.82,30.05
2026-W10,2026.03.02,USDJPY,55,121,45.5,114.1,19.77,30.42,12,31,38.7,0,0.0,111.3,19.77,25.20
2026-W11,2026.03.09,USDJPY,31,120,25.8,179.6,18.42,33.17,24,31,77.4,0,0.0,246.5,22.10,25.77
2026-W12,2026.03.16,USDJPY,71,120,59.2,238.6,20.93,30.34,3,31,9.7,0,0.0,57.6,18.03,22.44
2026-W13,2026.03.23,USDJPY,81,119,68.1,221.2,26.22,42.70,12,30,40.0,4,13.3,112.9,20.56,34.43
2026-W14,2026.03.30,USDJPY,65,120,54.2,219.1,21.44,32.71,21,30,70.0,4,13.3,219.1,23.39,35.05
2026-W15,2026.04.06,USDJPY,64,120,53.3,148.8,20.30,36.50,0,30,0.0,0,0.0,0.0,13.63,16.26
2026-W16,2026.04.13,USDJPY,86,120,71.7,189.6,24.75,36.20,0,30,0.0,0,0.0,0.0,15.81,19.90
2026-W17,2026.04.20,USDJPY,27,120,22.5,53.1,16.68,27.30,0,30,0.0,0,0.0,0.0,14.49,17.13
2026-W18,2026.04.27,USDJPY,6,25,24.0,19.5,18.33,21.25,0,7,0.0,0,0.0,0.0,12.91,13.80
2023-W01,2023.01.02,EURUSD,55,120,45.8,200.9,20.05,35.53,4,30,13.3,0,0.0,44.4,17.66,23.01
2023-W02,2023.01.09,EURUSD,58,120,48.3,207.9,23.00,43.56,25,30,83.3,6,20.0,155.8,25.24,32.06
2023-W03,2023.01.16,EURUSD,28,120,23.3,56.8,16.48,29.56,11,30,36.7,0,0.0,99.6,19.87,28.74
2023-W04,2023.01.23,EURUSD,58,120,48.3,83.1,20.99,40.42,26,30,86.7,0,0.0,94.1,24.34,27.18
2023-W05,2023.01.30,EURUSD,70,120,58.3,240.4,23.05,38.73,0,30,0.0,0,0.0,0.0,17.14,19.13
2023-W06,2023.02.06,EURUSD,67,120,55.8,132.6,26.03,47.40,25,30,83.3,1,3.3,123.3,24.39,30.14
2023-W07,2023.02.13,EURUSD,83,120,69.2,191.8,27.38,45.81,4,30,13.3,0,0.0,89.0,17.44,20.97
2023-W08,2023.02.20,EURUSD,12,120,10.0,152.8,14.88,27.20,15,30,50.0,2,6.7,124.2,21.67,31.41
2023-W09,2023.02.27,EURUSD,74,120,61.7,158.6,21.90,31.77,20,30,66.7,5,16.7,158.6,22.78,33.61
2023-W10,2023.03.06,EURUSD,107,120,89.2,176.5,25.90,42.54,2,30,6.7,0,0.0,88.7,16.67,21.99
2023-W11,2023.03.13,EURUSD,52,119,43.7,221.0,19.67,29.40,28,30,93.3,3,10.0,243.8,24.88,31.41
2023-W12,2023.03.20,EURUSD,106,119,89.1,298.4,27.59,53.19,30,30,100.0,11,36.7,298.4,28.49,36.38
2023-W13,2023.03.27,EURUSD,46,120,38.3,133.8,20.68,37.17,30,30,100.0,2,6.7,181.6,27.52,30.30
2023-W14,2023.04.03,EURUSD,61,120,50.8,184.9,20.06,38.50,18,30,60.0,0,0.0,184.9,20.23,25.68
2023-W15,2023.04.10,EURUSD,119,120,99.2,244.5,30.05,41.95,14,30,46.7,8,26.7,117.6,22.57,38.47
2023-W16,2023.04.17,EURUSD,47,120,39.2,83.9,17.87,27.40,18,30,60.0,5,16.7,90.5,22.59,36.22
2023-W17,2023.04.24,EURUSD,71,120,59.2,131.0,22.05,31.95,7,30,23.3,0,0.0,86.7,16.24,21.41
2023-W18,2023.05.01,EURUSD,64,120,53.3,127.3,21.35,37.32,10,30,33.3,0,0.0,125.0,17.48,22.83
2023-W19,2023.05.08,EURUSD,51,120,42.5,206.3,19.29,35.77,3,30,10.0,0,0.0,69.9,18.51,22.94
2023-W20,2023.05.15,EURUSD,59,120,49.2,130.7,21.36,36.83,9,30,30.0,0,0.0,130.7,17.79,24.35
2023-W21,2023.05.22,EURUSD,56,120,46.7,93.6,20.15,36.45,19,30,63.3,0,0.0,99.6,21.62,28.78
2023-W22,2023.05.29,EURUSD,19,120,15.8,108.4,16.59,25.39,11,30,36.7,0,0.0,81.8,19.36,24.56
2023-W23,2023.06.05,EURUSD,75,120,62.5,120.1,23.85,39.15,0,30,0.0,0,0.0,0.0,15.73,18.06
2023-W24,2023.06.12,EURUSD,106,120,88.3,237.6,27.78,39.26,13,30,43.3,0,0.0,169.6,18.37,27.52
2023-W25,2023.06.19,EURUSD,39,120,32.5,150.5,18.28,33.24,16,30,53.3,0,0.0,167.5,20.70,27.52
2023-W26,2023.06.26,EURUSD,9,120,7.5,83.4,15.26,21.94,2,30,6.7,0,0.0,62.5,16.84,20.78
2023-W27,2023.07.03,EURUSD,46,120,38.3,139.6,19.33,30.33,5,30,16.7,0,0.0,67.1,17.37,20.86
2023-W28,2023.07.10,EURUSD,101,120,84.2,292.0,30.90,50.18,16,30,53.3,10,33.3,231.2,25.68,46.82
2023-W29,2023.07.17,EURUSD,36,120,30.0,132.4,17.54,28.75,30,30,100.0,22,73.3,168.0,38.18,48.15
2023-W30,2023.07.24,EURUSD,11,120,9.2,102.2,15.22,21.38,18,30,60.0,0,0.0,126.2,20.46,24.60
2023-W31,2023.07.31,EURUSD,47,120,39.2,107.0,18.33,27.41,19,30,63.3,0,0.0,129.8,21.13,29.26
2023-W32,2023.08.07,EURUSD,36,120,30.0,121.9,17.47,29.86,15,30,50.0,0,0.0,86.8,19.45,23.11
2023-W33,2023.08.14,EURUSD,42,120,35.0,79.2,19.23,28.27,0,30,0.0,0,0.0,0.0,11.53,14.73
2023-W34,2023.08.21,EURUSD,30,120,25.0,110.8,18.22,36.96,0,30,0.0,0,0.0,0.0,10.32,17.25
2023-W35,2023.08.28,EURUSD,74,120,61.7,115.6,21.42,33.19,0,30,0.0,0,0.0,0.0,13.28,17.61
2023-W36,2023.09.04,EURUSD,65,120,54.2,122.5,22.20,37.84,6,30,20.0,0,0.0,41.7,15.63,21.37
2023-W37,2023.09.11,EURUSD,38,120,31.7,136.3,18.15,28.92,0,30,0.0,0,0.0,0.0,13.17,17.95
2023-W38,2023.09.18,EURUSD,13,120,10.8,119.9,13.46,25.19,2,30,6.7,0,0.0,105.6,15.01,20.48
2023-W39,2023.09.25,EURUSD,93,120,77.5,129.0,25.92,43.57,22,30,73.3,11,36.7,129.0,26.11,36.92
2023-W40,2023.10.02,EURUSD,59,120,49.2,103.0,23.22,42.81,21,30,70.0,0,0.0,143.5,22.11,27.48
2023-W41,2023.10.09,EURUSD,20,120,16.7,101.7,14.26,23.59,0,30,0.0,0,0.0,0.0,14.82,17.87
2023-W42,2023.10.16,EURUSD,35,120,29.2,80.9,16.59,31.14,0,30,0.0,0,0.0,0.0,12.94,15.12
2023-W43,2023.10.23,EURUSD,71,120,59.2,172.7,24.62,41.06,0,30,0.0,0,0.0,0.0,15.02,18.08
2023-W44,2023.10.30,EURUSD,20,119,16.8,136.2,17.53,31.72,0,30,0.0,0,0.0,0.0,14.79,19.98
2023-W45,2023.11.06,EURUSD,120,120,100.0,100.2,30.64,40.68,12,30,40.0,0,0.0,92.2,19.16,26.17
2023-W46,2023.11.13,EURUSD,36,120,30.0,216.7,19.47,37.02,4,30,13.3,0,0.0,82.4,17.09,20.53
2023-W47,2023.11.20,EURUSD,100,120,83.3,112.7,25.59,36.44,24,30,80.0,7,23.3,112.7,25.08,33.81
2023-W48,2023.11.27,EURUSD,44,120,36.7,92.2,18.18,28.25,3,30,10.0,0,0.0,138.5,18.27,20.14
2023-W49,2023.12.04,EURUSD,15,120,12.5,111.7,14.98,23.95,30,30,100.0,20,66.7,171.7,32.07,38.57
2023-W50,2023.12.11,EURUSD,83,120,69.2,241.9,22.76,33.56,30,30,100.0,10,33.3,267.4,28.05,37.02
2023-W51,2023.12.18,EURUSD,96,120,80.0,148.4,24.04,34.55,22,30,73.3,0,0.0,148.4,21.58,27.13
2023-W52,2023.12.25,EURUSD,33,90,36.7,84.3,19.93,36.11,23,23,100.0,12,52.2,130.7,29.17,35.26
2024-W01,2024.01.01,EURUSD,43,96,44.8,121.6,20.50,35.34,24,24,100.0,0,0.0,167.7,26.44,29.34
2024-W02,2024.01.08,EURUSD,9,120,7.5,17.5,13.66,21.39,6,30,20.0,0,0.0,56.1,17.67,23.17
2024-W03,2024.01.15,EURUSD,76,120,63.3,122.9,25.19,43.73,14,30,46.7,0,0.0,62.3,18.62,24.89
2024-W04,2024.01.22,EURUSD,16,120,13.3,62.8,16.36,27.01,0,30,0.0,0,0.0,0.0,12.72,17.23
2024-W05,2024.01.29,EURUSD,20,120,16.7,117.2,16.37,26.40,0,30,0.0,0,0.0,0.0,16.36,19.45
2024-W06,2024.02.05,EURUSD,84,120,70.0,65.7,24.57,38.32,7,30,23.3,0,0.0,42.3,16.79,21.35
2024-W07,2024.02.12,EURUSD,35,120,29.2,55.4,18.23,39.55,0,30,0.0,0,0.0,0.0,13.90,16.38
2024-W08,2024.02.19,EURUSD,29,120,24.2,120.0,17.02,28.75,8,30,26.7,0,0.0,56.3,17.72,20.81
2024-W09,2024.02.26,EURUSD,75,120,62.5,63.8,23.27,39.27,15,30,50.0,0,0.0,69.3,19.97,27.15
2024-W10,2024.03.04,EURUSD,34,120,28.3,110.7,17.37,25.02,6,30,20.0,0,0.0,63.4,15.34,21.25
2024-W11,2024.03.11,EURUSD,31,119,26.1,41.0,19.43,45.56,5,30,16.7,0,0.0,37.0,18.80,21.06
2024-W12,2024.03.18,EURUSD,58,119,48.7,140.7,19.58,33.07,0,30,0.0,0,0.0,0.0,16.02,19.30
2024-W13,2024.03.25,EURUSD,58,119,48.7,96.4,19.26,33.30,0,30,0.0,0,0.0,0.0,14.61,18.70
2024-W14,2024.04.01,EURUSD,83,120,69.2,152.0,24.61,41.33,27,30,90.0,0,0.0,152.0,24.23,29.30
2024-W15,2024.04.08,EURUSD,42,120,35.0,134.1,18.27,44.61,8,30,26.7,1,3.3,214.9,19.07,30.76
2024-W16,2024.04.15,EURUSD,58,120,48.3,87.6,20.38,45.52,30,30,100.0,19,63.3,89.0,32.42,39.65
2024-W17,2024.04.22,EURUSD,18,120,15.0,61.7,16.43,26.91,2,30,6.7,0,0.0,21.3,17.51,21.61
2024-W18,2024.04.29,EURUSD,69,120,57.5,163.2,23.96,51.88,0,30,0.0,0,0.0,0.0,15.02,17.20
2024-W19,2024.05.06,EURUSD,28,120,23.3,44.3,16.58,27.08,0,30,0.0,0,0.0,0.0,14.26,18.51
2024-W20,2024.05.13,EURUSD,51,120,42.5,59.4,18.40,34.40,6,30,20.0,0,0.0,39.5,14.83,21.93
2024-W21,2024.05.20,EURUSD,9,120,7.5,20.6,16.40,29.18,0,30,0.0,0,0.0,0.0,13.16,15.61
2024-W22,2024.05.27,EURUSD,93,120,77.5,100.7,24.61,42.89,0,30,0.0,0,0.0,0.0,13.87,17.80
2024-W23,2024.06.03,EURUSD,24,120,20.0,117.0,16.59,34.70,0,30,0.0,0,0.0,0.0,11.37,14.12
2024-W24,2024.06.10,EURUSD,58,120,48.3,178.2,23.79,44.48,7,30,23.3,0,0.0,54.1,18.23,21.94
2024-W25,2024.06.17,EURUSD,57,120,47.5,70.1,19.58,36.59,2,30,6.7,0,0.0,31.3,14.47,20.53
2024-W26,2024.06.24,EURUSD,53,120,44.2,80.3,19.54,30.70,0,30,0.0,0,0.0,0.0,12.86,15.20
2024-W27,2024.07.01,EURUSD,37,120,30.8,102.9,19.31,37.86,11,30,36.7,5,16.7,59.0,19.73,36.96
2024-W28,2024.07.08,EURUSD,51,120,42.5,113.0,18.38,32.99,30,30,100.0,19,63.3,113.0,32.37,38.88
2024-W29,2024.07.15,EURUSD,73,120,60.8,72.4,22.87,35.24,30,30,100.0,22,73.3,76.6,34.42,40.73
2024-W30,2024.07.22,EURUSD,71,120,59.2,77.0,24.67,46.57,30,30,100.0,0,0.0,77.0,25.76,28.93
2024-W31,2024.07.29,EURUSD,52,120,43.3,128.4,19.55,33.91,13,30,43.3,0,0.0,68.4,18.98,23.22
2024-W32,2024.08.05,EURUSD,65,120,54.2,116.4,21.13,35.36,14,30,46.7,0,0.0,116.4,21.00,28.86
2024-W33,2024.08.12,EURUSD,17,120,14.2,56.9,14.70,25.71,25,30,83.3,7,23.3,133.6,26.00,33.99
2024-W34,2024.08.19,EURUSD,82,120,68.3,151.3,33.26,52.97,30,30,100.0,29,96.7,178.2,40.09,44.44
2024-W35,2024.08.26,EURUSD,63,120,52.5,119.8,20.79,35.48,30,30,100.0,7,23.3,157.8,26.08,39.92
2024-W36,2024.09.02,EURUSD,49,120,40.8,129.1,21.99,44.49,19,30,63.3,0,0.0,108.9,20.81,24.66
2024-W37,2024.09.09,EURUSD,76,120,63.3,87.6,25.13,45.15,4,30,13.3,0,0.0,55.4,16.27,22.42
2024-W38,2024.09.16,EURUSD,66,120,55.0,108.3,20.65,32.96,30,30,100.0,23,76.7,120.5,32.69,38.35
2024-W39,2024.09.23,EURUSD,46,120,38.3,110.6,19.41,35.60,30,30,100.0,22,73.3,130.8,32.00,38.34
2024-W40,2024.09.30,EURUSD,58,120,48.3,78.5,18.99,30.41,30,30,100.0,6,20.0,257.8,26.36,36.74
2024-W41,2024.10.07,EURUSD,41,120,34.2,59.8,18.72,37.50,30,30,100.0,30,100.0,97.2,41.70,46.58
2024-W42,2024.10.14,EURUSD,98,120,81.7,125.6,25.92,36.91,30,30,100.0,30,100.0,125.6,44.44,48.74
2024-W43,2024.10.21,EURUSD,64,120,53.3,110.0,20.95,37.93,30,30,100.0,20,66.7,110.0,30.15,37.87
2024-W44,2024.10.28,EURUSD,20,119,16.8,106.6,16.93,26.12,4,30,13.3,0,0.0,106.6,16.65,20.98
2024-W45,2024.11.04,EURUSD,69,120,57.5,254.5,21.17,32.31,4,30,13.3,0,0.0,218.5,18.05,21.56
2024-W46,2024.11.11,EURUSD,112,120,93.3,231.7,27.59,39.44,20,30,66.7,11,36.7,157.6,24.89,34.83
2024-W47,2024.11.18,EURUSD,69,120,57.5,274.9,21.84,32.66,15,30,50.0,2,6.7,274.9,21.22,31.03
2024-W48,2024.11.25,EURUSD,18,120,15.0,137.8,16.20,25.32,10,30,33.3,0,0.0,119.8,17.65,23.25
2024-W49,2024.12.02,EURUSD,14,120,11.7,38.7,15.11,26.39,4,30,13.3,0,0.0,87.5,15.49,23.38
2024-W50,2024.12.09,EURUSD,8,120,6.7,43.1,14.11,23.10,9,30,30.0,0,0.0,71.3,16.88,24.04
2024-W51,2024.12.16,EURUSD,8,120,6.7,80.1,15.81,26.13,0,30,0.0,0,0.0,0.0,10.77,12.40
2024-W52,2024.12.23,EURUSD,20,96,20.8,61.2,14.88,27.95,0,24,0.0,0,0.0,0.0,12.26,13.21
2025-W01,2024.12.30,EURUSD,31,94,33.0,150.0,16.89,34.00,0,24,0.0,0,0.0,0.0,10.94,13.01
2025-W02,2025.01.06,EURUSD,66,120,55.0,223.8,20.22,26.68,5,30,16.7,0,0.0,96.3,16.14,21.55
2025-W03,2025.01.13,EURUSD,42,120,35.0,176.7,17.75,27.00,7,30,23.3,0,0.0,99.9,17.42,23.21
2025-W04,2025.01.20,EURUSD,44,120,36.7,115.8,19.24,27.53,15,30,50.0,0,0.0,115.8,19.54,24.34
2025-W05,2025.01.27,EURUSD,0,120,0.0,0.0,14.29,18.77,0,30,0.0,0,0.0,0.0,14.48,18.64
2025-W06,2025.02.03,EURUSD,30,120,25.0,121.5,18.10,30.90,0,30,0.0,0,0.0,0.0,13.67,17.13
2025-W07,2025.02.10,EURUSD,74,120,61.7,186.8,23.65,36.05,6,30,20.0,0,0.0,66.9,15.50,22.96
2025-W08,2025.02.17,EURUSD,54,120,45.0,104.9,18.84,28.57,17,30,56.7,0,0.0,105.7,20.60,24.07
2025-W09,2025.02.24,EURUSD,33,120,27.5,165.1,18.24,32.63,0,30,0.0,0,0.0,0.0,13.57,17.25
2025-W10,2025.03.03,EURUSD,98,120,81.7,422.3,31.75,53.53,14,30,46.7,8,26.7,175.2,22.35,36.92
2025-W11,2025.03.10,EURUSD,53,119,44.5,142.4,19.19,28.40,30,30,100.0,23,76.7,142.4,34.92,40.57
2025-W12,2025.03.17,EURUSD,59,119,49.6,130.3,21.40,35.68,30,30,100.0,0,0.0,157.8,24.73,28.83
2025-W13,2025.03.24,EURUSD,35,119,29.4,104.2,18.40,31.88,24,30,80.0,0,0.0,125.5,23.49,28.70
2025-W14,2025.03.31,EURUSD,44,120,36.7,259.7,20.34,44.32,7,30,23.3,0,0.0,183.2,16.51,24.15
2025-W15,2025.04.07,EURUSD,77,120,64.2,594.1,27.23,50.51,12,30,40.0,3,10.0,594.1,20.09,32.31
2025-W16,2025.04.14,EURUSD,49,120,40.8,129.0,20.33,35.77,30,30,100.0,30,100.0,160.7,35.24,37.40
2025-W17,2025.04.21,EURUSD,67,120,55.8,265.3,21.72,38.63,24,30,80.0,15,50.0,265.3,29.45,39.54
2025-W18,2025.04.28,EURUSD,40,120,33.3,155.9,15.98,26.52,10,30,33.3,0,0.0,115.0,17.57,26.32
2025-W19,2025.05.05,EURUSD,52,120,43.3,184.6,19.27,25.82,2,30,6.7,0,0.0,56.4,14.05,20.94
2025-W20,2025.05.12,EURUSD,79,120,65.8,200.4,24.97,44.43,6,30,20.0,0,0.0,88.5,16.67,22.50
2025-W21,2025.05.19,EURUSD,89,120,74.2,199.3,26.41,45.44,30,30,100.0,11,36.7,207.4,27.56,33.23
2025-W22,2025.05.26,EURUSD,44,120,36.7,195.3,21.33,48.67,27,30,90.0,15,50.0,208.6,28.95,36.94
2025-W23,2025.06.02,EURUSD,46,120,38.3,100.1,19.95,32.55,5,30,16.7,0,0.0,45.7,17.61,21.16
2025-W24,2025.06.09,EURUSD,70,120,58.3,226.0,25.40,46.22,9,30,30.0,0,0.0,142.6,18.48,26.84
2025-W25,2025.06.16,EURUSD,11,120,9.2,140.3,15.41,21.58,13,30,43.3,0,0.0,141.1,19.57,27.13
2025-W26,2025.06.23,EURUSD,57,120,47.5,164.9,20.51,35.27,11,30,36.7,4,13.3,86.7,19.56,33.19
2025-W27,2025.06.30,EURUSD,27,120,22.5,68.3,17.31,30.78,30,30,100.0,20,66.7,121.9,32.26,40.65
2025-W28,2025.07.07,EURUSD,21,120,17.5,66.4,16.42,23.37,4,30,13.3,0,0.0,72.1,16.55,23.08
2025-W29,2025.07.14,EURUSD,8,120,6.7,80.2,14.55,20.84,0,30,0.0,0,0.0,0.0,14.67,18.12
2025-W30,2025.07.21,EURUSD,63,120,52.5,127.5,20.57,29.95,19,30,63.3,0,0.0,109.9,20.92,26.99
2025-W31,2025.07.28,EURUSD,61,120,50.8,370.2,22.50,44.19,23,30,76.7,12,40.0,207.8,26.65,33.57
2025-W32,2025.08.04,EURUSD,33,120,27.5,88.2,16.61,36.60,17,30,56.7,0,0.0,171.4,20.59,27.72
2025-W33,2025.08.11,EURUSD,14,120,11.7,43.3,16.46,41.58,6,30,20.0,0,0.0,66.5,17.67,21.97
2025-W34,2025.08.18,EURUSD,102,120,85.0,159.6,26.31,44.43,8,30,26.7,0,0.0,75.8,18.89,24.29
2025-W35,2025.08.25,EURUSD,53,120,44.2,151.0,19.99,33.60,8,30,26.7,0,0.0,113.1,18.40,22.92
2025-W36,2025.09.01,EURUSD,34,120,28.3,151.5,17.69,33.16,0,30,0.0,0,0.0,0.0,11.99,15.39
2025-W37,2025.09.08,EURUSD,41,120,34.2,90.8,17.56,31.95,11,30,36.7,0,0.0,97.8,18.80,26.50
2025-W38,2025.09.15,EURUSD,50,120,41.7,190.1,19.74,39.70,17,30,56.7,0,0.0,190.1,19.28,25.30
2025-W39,2025.09.22,EURUSD,84,120,70.0,174.6,24.86,39.16,5,30,16.7,0,0.0,64.3,18.90,23.05
2025-W40,2025.09.29,EURUSD,40,120,33.3,64.2,18.02,36.91,0,30,0.0,0,0.0,0.0,15.21,17.31
2025-W41,2025.10.06,EURUSD,62,120,51.7,140.8,22.82,43.05,15,30,50.0,0,0.0,106.2,19.23,25.68
2025-W42,2025.10.13,EURUSD,65,120,54.2,118.0,20.59,32.67,9,30,30.0,0,0.0,136.4,19.60,27.83
2025-W43,2025.10.20,EURUSD,60,121,49.6,94.2,21.40,39.90,29,31,93.5,0,0.0,99.1,22.86,27.13
2025-W44,2025.10.27,EURUSD,41,119,34.5,146.5,18.93,28.79,0,30,0.0,0,0.0,0.0,15.86,18.99
2025-W45,2025.11.03,EURUSD,53,120,44.2,112.7,22.25,45.12,26,30,86.7,0,0.0,122.5,22.72,26.46
2025-W46,2025.11.10,EURUSD,11,120,9.2,99.6,14.94,32.96,7,30,23.3,0,0.0,42.1,17.13,22.40
2025-W47,2025.11.17,EURUSD,54,120,45.0,115.3,19.49,30.38,0,30,0.0,0,0.0,0.0,12.30,14.11
2025-W48,2025.11.24,EURUSD,17,120,14.2,48.0,16.53,23.58,0,30,0.0,0,0.0,0.0,13.91,17.32
2025-W49,2025.12.01,EURUSD,43,120,35.8,46.4,20.59,44.82,8,30,26.7,0,0.0,43.2,16.38,21.35
2025-W50,2025.12.08,EURUSD,40,120,33.3,88.9,18.02,30.90,10,30,33.3,0,0.0,80.6,20.24,28.68
2025-W51,2025.12.15,EURUSD,41,120,34.2,101.3,18.05,31.02,18,30,60.0,0,0.0,101.0,21.63,28.08
2025-W52,2025.12.22,EURUSD,63,96,65.6,102.2,24.79,41.80,16,24,66.7,0,0.0,46.5,22.60,29.67
2026-W01,2025.12.29,EURUSD,48,95,50.5,51.6,20.59,40.77,18,26,69.2,0,0.0,68.9,21.15,26.47
2026-W02,2026.01.05,EURUSD,39,120,32.5,110.7,18.55,32.81,6,30,20.0,0,0.0,43.8,17.30,26.87
2026-W03,2026.01.12,EURUSD,33,120,27.5,78.2,17.07,31.53,27,30,90.0,0,0.0,113.8,23.10,27.18
2026-W04,2026.01.19,EURUSD,66,120,55.0,169.1,22.84,42.13,5,30,16.7,0,0.0,256.4,18.60,21.65
2026-W05,2026.01.26,EURUSD,48,120,40.0,248.1,19.52,33.41,30,30,100.0,11,36.7,248.1,27.66,33.51
2026-W06,2026.02.02,EURUSD,37,120,30.8,98.7,18.35,38.48,30,30,100.0,0,0.0,109.3,24.46,27.58
2026-W07,2026.02.09,EURUSD,31,120,25.8,71.6,17.41,37.09,23,30,76.7,0,0.0,119.2,23.70,28.45
2026-W08,2026.02.16,EURUSD,74,120,61.7,115.0,21.49,29.49,24,30,80.0,16,53.3,115.0,30.11,41.01
2026-W09,2026.02.23,EURUSD,62,120,51.7,68.6,19.32,27.57,20,30,66.7,9,30.0,68.8,25.00,35.70
2026-W10,2026.03.02,EURUSD,40,121,33.1,168.2,19.92,34.72,23,31,74.2,0,0.0,141.6,24.62,29.88
2026-W11,2026.03.09,EURUSD,34,120,28.3,152.6,17.77,33.83,17,31,54.8,0,0.0,257.1,21.55,28.71
2026-W12,2026.03.16,EURUSD,32,120,26.7,180.3,18.07,33.76,11,31,35.5,0,0.0,129.3,18.75,28.54
2026-W13,2026.03.23,EURUSD,13,119,10.9,46.0,13.69,22.67,0,30,0.0,0,0.0,0.0,10.58,17.97
2026-W14,2026.03.30,EURUSD,79,120,65.8,184.0,24.39,41.37,17,30,56.7,0,0.0,184.0,19.45,25.24
2026-W15,2026.04.06,EURUSD,38,120,31.7,80.2,19.53,37.71,14,30,46.7,0,0.0,96.4,17.99,28.21
2026-W16,2026.04.13,EURUSD,64,120,53.3,116.9,23.24,42.96,30,30,100.0,24,80.0,185.4,33.75,38.36
2026-W17,2026.04.20,EURUSD,67,120,55.8,93.5,24.83,43.54,27,30,90.0,1,3.3,122.0,24.01,30.80
2026-W18,2026.04.27,EURUSD,25,25,100.0,63.2,25.40,28.16,3,7,42.9,0,0.0,59.1,19.62,22.53
